-- phpMyAdmin SQL Dump
-- version 5.1.0
-- https://www.phpmyadmin.net/
--
-- Servidor: 127.0.0.1
-- Tiempo de generación: 04-01-2022 a las 04:59:35
-- Versión del servidor: 10.4.18-MariaDB
-- Versión de PHP: 8.0.3

SET SQL_MODE = "NO_AUTO_VALUE_ON_ZERO";
START TRANSACTION;
SET time_zone = "+00:00";


/*!40101 SET @OLD_CHARACTER_SET_CLIENT=@@CHARACTER_SET_CLIENT */;
/*!40101 SET @OLD_CHARACTER_SET_RESULTS=@@CHARACTER_SET_RESULTS */;
/*!40101 SET @OLD_COLLATION_CONNECTION=@@COLLATION_CONNECTION */;
/*!40101 SET NAMES utf8mb4 */;

--
-- Base de datos: `domino`
--

DELIMITER $$
--
-- Funciones
--
CREATE DEFINER=`root`@`localhost` FUNCTION `random_integer` (`value_minimum` INT, `value_maximum` INT) RETURNS INT(11) RETURN FLOOR(value_minimum + RAND() * (value_maximum - value_minimum + 1))$$

DELIMITER ;

-- --------------------------------------------------------

--
-- Estructura de tabla para la tabla `boleta`
--

CREATE TABLE `boleta` (
  `id` int(11) NOT NULL,
  `evento_id` int(11) NOT NULL,
  `ronda_id` int(11) NOT NULL,
  `mesa_id` int(11) NOT NULL,
  `estado` char(1) NOT NULL DEFAULT 'C',
  `es_valida` bit(1) NOT NULL DEFAULT b'1',
  `creado` datetime NOT NULL DEFAULT current_timestamp(),
  `actualizado` datetime NOT NULL DEFAULT current_timestamp(),
  `iniciado` timestamp NOT NULL DEFAULT current_timestamp() ON UPDATE current_timestamp(),
  `tiempo_juego` int(11) NOT NULL DEFAULT 0
) ENGINE=MyISAM DEFAULT CHARSET=utf8mb4;

--
-- Volcado de datos para la tabla `boleta`
--

INSERT INTO `boleta` (`id`, `evento_id`, `ronda_id`, `mesa_id`, `estado`, `es_valida`, `creado`, `actualizado`, `iniciado`, `tiempo_juego`) VALUES
(114, 1, 43, 28, 'C', b'1', '2021-10-16 18:31:22', '2021-11-09 09:04:09', '2022-01-04 03:57:26', 0),
(113, 1, 43, 29, 'C', b'1', '2021-10-16 18:31:22', '2021-11-09 09:04:09', '2022-01-04 03:57:26', 0),
(112, 1, 42, 19, 'C', b'1', '2021-10-16 18:31:20', '2021-11-09 09:04:09', '2022-01-04 03:57:26', 0),
(111, 1, 42, 20, 'C', b'1', '2021-10-16 18:31:20', '2021-11-09 09:04:09', '2022-01-04 03:57:26', 0),
(110, 1, 42, 21, 'C', b'1', '2021-10-16 18:31:20', '2021-11-09 09:04:09', '2022-01-04 03:57:26', 0),
(109, 1, 42, 22, 'C', b'1', '2021-10-16 18:31:20', '2021-11-09 09:04:09', '2022-01-04 03:57:26', 0),
(108, 1, 42, 23, 'C', b'1', '2021-10-16 18:31:20', '2021-11-09 09:04:09', '2022-01-04 03:57:26', 0),
(107, 1, 42, 24, 'C', b'1', '2021-10-16 18:31:20', '2021-11-09 09:04:09', '2022-01-04 03:57:26', 0),
(106, 1, 42, 25, 'C', b'1', '2021-10-16 18:31:20', '2021-11-09 09:04:09', '2022-01-04 03:57:26', 0),
(105, 1, 42, 26, 'C', b'1', '2021-10-16 18:31:20', '2021-11-09 09:04:09', '2022-01-04 03:57:26', 0),
(104, 1, 42, 27, 'C', b'1', '2021-10-16 18:31:20', '2021-11-09 09:04:09', '2022-01-04 03:57:26', 0),
(103, 1, 42, 28, 'C', b'1', '2021-10-16 18:31:20', '2021-11-09 09:04:09', '2022-01-04 03:57:26', 0),
(102, 1, 42, 29, 'C', b'1', '2021-10-16 18:31:20', '2021-11-09 09:04:09', '2022-01-04 03:57:26', 0),
(101, 1, 41, 19, 'C', b'1', '2021-10-16 18:29:11', '2021-11-09 09:04:09', '2022-01-04 03:57:26', 0),
(100, 1, 41, 20, 'C', b'1', '2021-10-16 18:29:11', '2021-11-09 09:04:09', '2022-01-04 03:57:26', 0),
(99, 1, 41, 21, 'C', b'1', '2021-10-16 18:29:11', '2021-11-09 09:04:09', '2022-01-04 03:57:26', 0),
(98, 1, 41, 22, 'C', b'1', '2021-10-16 18:29:11', '2021-11-09 09:04:09', '2022-01-04 03:57:26', 0),
(97, 1, 41, 23, 'C', b'1', '2021-10-16 18:29:11', '2021-11-09 09:04:09', '2022-01-04 03:57:26', 0),
(96, 1, 41, 24, 'C', b'1', '2021-10-16 18:29:11', '2021-11-09 09:04:09', '2022-01-04 03:57:26', 0),
(95, 1, 41, 25, 'C', b'1', '2021-10-16 18:29:11', '2021-11-09 09:04:09', '2022-01-04 03:57:26', 0),
(94, 1, 41, 26, 'C', b'1', '2021-10-16 18:29:11', '2021-11-09 09:04:09', '2022-01-04 03:57:26', 0),
(93, 1, 41, 27, 'C', b'1', '2021-10-16 18:29:11', '2021-11-09 09:04:09', '2022-01-04 03:57:26', 0),
(92, 1, 41, 28, 'C', b'1', '2021-10-16 18:29:11', '2021-11-09 09:04:09', '2022-01-04 03:57:26', 0),
(91, 1, 41, 29, 'C', b'1', '2021-10-16 18:29:11', '2021-11-09 09:04:09', '2022-01-04 03:57:26', 0),
(90, 1, 40, 19, 'C', b'1', '2021-10-16 18:29:09', '2021-11-09 09:04:09', '2022-01-04 03:57:26', 0),
(89, 1, 40, 20, 'C', b'1', '2021-10-16 18:29:09', '2021-11-09 09:04:09', '2022-01-04 03:57:26', 0),
(88, 1, 40, 21, 'C', b'1', '2021-10-16 18:29:09', '2021-11-09 09:04:09', '2022-01-04 03:57:26', 0),
(87, 1, 40, 22, 'C', b'1', '2021-10-16 18:29:09', '2021-11-09 09:04:09', '2022-01-04 03:57:26', 0),
(86, 1, 40, 23, 'C', b'1', '2021-10-16 18:29:09', '2021-11-09 09:04:09', '2022-01-04 03:57:26', 0),
(85, 1, 40, 24, 'C', b'1', '2021-10-16 18:29:09', '2021-11-09 09:04:09', '2022-01-04 03:57:26', 0),
(84, 1, 40, 25, 'C', b'1', '2021-10-16 18:29:09', '2021-11-09 09:04:09', '2022-01-04 03:57:26', 0),
(83, 1, 40, 26, 'C', b'1', '2021-10-16 18:29:09', '2021-11-09 09:04:09', '2022-01-04 03:57:26', 0),
(82, 1, 40, 27, 'C', b'1', '2021-10-16 18:29:09', '2021-11-09 09:04:09', '2022-01-04 03:57:26', 0),
(81, 1, 40, 28, 'C', b'1', '2021-10-16 18:29:09', '2021-11-09 09:04:09', '2022-01-04 03:57:26', 0),
(80, 1, 40, 29, 'C', b'1', '2021-10-16 18:29:09', '2021-11-09 09:04:09', '2022-01-04 03:57:26', 0),
(79, 1, 39, 19, 'C', b'1', '2021-10-16 18:25:41', '2021-11-09 09:04:09', '2022-01-04 03:57:26', 0),
(78, 1, 39, 20, 'C', b'1', '2021-10-16 18:25:41', '2021-11-09 09:04:09', '2022-01-04 03:57:26', 0),
(77, 1, 39, 21, 'C', b'1', '2021-10-16 18:25:41', '2021-11-09 09:04:09', '2022-01-04 03:57:26', 0),
(76, 1, 39, 22, 'C', b'1', '2021-10-16 18:25:41', '2021-11-09 09:04:09', '2022-01-04 03:57:26', 0),
(75, 1, 39, 23, 'C', b'1', '2021-10-16 18:25:41', '2021-11-09 09:04:09', '2022-01-04 03:57:26', 0),
(74, 1, 39, 24, 'C', b'1', '2021-10-16 18:25:41', '2021-11-09 09:04:09', '2022-01-04 03:57:26', 0),
(73, 1, 39, 25, 'C', b'1', '2021-10-16 18:25:41', '2021-11-09 09:04:09', '2022-01-04 03:57:26', 0),
(72, 1, 39, 26, 'C', b'1', '2021-10-16 18:25:41', '2021-11-09 09:04:09', '2022-01-04 03:57:26', 0),
(71, 1, 39, 27, 'C', b'1', '2021-10-16 18:25:41', '2021-11-09 09:04:09', '2022-01-04 03:57:26', 0),
(70, 1, 39, 28, 'C', b'1', '2021-10-16 18:25:41', '2021-11-09 09:04:09', '2022-01-04 03:57:26', 0),
(69, 1, 39, 29, 'C', b'1', '2021-10-16 18:25:40', '2021-11-09 09:04:09', '2022-01-04 03:57:26', 0),
(68, 1, 38, 19, 'C', b'1', '2021-10-05 19:43:39', '2021-11-09 09:04:09', '2022-01-04 03:57:26', 0),
(67, 1, 38, 20, 'C', b'1', '2021-10-05 19:43:39', '2021-11-09 09:04:09', '2022-01-04 03:57:26', 0),
(66, 1, 38, 21, 'C', b'1', '2021-10-05 19:43:39', '2021-11-09 09:04:09', '2022-01-04 03:57:26', 0),
(65, 1, 38, 22, 'C', b'1', '2021-10-05 19:43:39', '2021-11-09 09:04:09', '2022-01-04 03:57:26', 0),
(64, 1, 38, 23, 'C', b'1', '2021-10-05 19:43:39', '2021-11-09 09:04:09', '2022-01-04 03:57:26', 0),
(63, 1, 38, 24, 'C', b'1', '2021-10-05 19:43:39', '2021-11-09 09:04:09', '2022-01-04 03:57:26', 0),
(62, 1, 38, 25, 'C', b'1', '2021-10-05 19:43:39', '2021-11-09 09:04:09', '2022-01-04 03:57:26', 0),
(61, 1, 38, 26, 'C', b'1', '2021-10-05 19:43:39', '2021-11-09 09:04:09', '2022-01-04 03:57:26', 0),
(60, 1, 38, 27, 'C', b'1', '2021-10-05 19:43:39', '2021-11-09 09:04:09', '2022-01-04 03:57:26', 0),
(59, 1, 38, 28, 'C', b'1', '2021-10-05 19:43:39', '2021-11-09 09:04:09', '2022-01-04 03:57:26', 0),
(58, 1, 38, 29, 'C', b'1', '2021-10-05 19:43:39', '2021-11-09 09:04:09', '2022-01-04 03:57:26', 0),
(115, 1, 43, 27, 'C', b'1', '2021-10-16 18:31:22', '2021-11-09 09:04:09', '2022-01-04 03:57:26', 0),
(116, 1, 43, 26, 'C', b'1', '2021-10-16 18:31:22', '2021-11-09 09:04:09', '2022-01-04 03:57:26', 0),
(117, 1, 43, 25, 'C', b'1', '2021-10-16 18:31:22', '2021-11-09 09:04:09', '2022-01-04 03:57:26', 0),
(118, 1, 43, 24, 'C', b'1', '2021-10-16 18:31:22', '2021-11-09 09:04:09', '2022-01-04 03:57:26', 0),
(119, 1, 43, 23, 'C', b'1', '2021-10-16 18:31:22', '2021-11-09 09:04:09', '2022-01-04 03:57:26', 0),
(120, 1, 43, 22, 'C', b'1', '2021-10-16 18:31:22', '2021-11-09 09:04:09', '2022-01-04 03:57:26', 0),
(121, 1, 43, 21, 'C', b'1', '2021-10-16 18:31:22', '2021-11-09 09:04:09', '2022-01-04 03:57:26', 0),
(122, 1, 43, 20, 'C', b'1', '2021-10-16 18:31:22', '2021-11-09 09:04:09', '2022-01-04 03:57:26', 0),
(123, 1, 43, 19, 'C', b'1', '2021-10-16 18:31:22', '2021-11-09 09:04:09', '2022-01-04 03:57:26', 0),
(124, 1, 44, 29, 'C', b'1', '2021-10-16 18:32:34', '2021-11-09 09:04:09', '2022-01-04 03:57:26', 0),
(125, 1, 44, 28, 'C', b'1', '2021-10-16 18:32:34', '2021-11-09 09:04:09', '2022-01-04 03:57:26', 0),
(126, 1, 44, 27, 'C', b'1', '2021-10-16 18:32:34', '2021-11-09 09:04:09', '2022-01-04 03:57:26', 0),
(127, 1, 44, 26, 'C', b'1', '2021-10-16 18:32:34', '2021-11-09 09:04:09', '2022-01-04 03:57:26', 0),
(128, 1, 44, 25, 'C', b'1', '2021-10-16 18:32:34', '2021-11-09 09:04:09', '2022-01-04 03:57:26', 0),
(129, 1, 44, 24, 'C', b'1', '2021-10-16 18:32:34', '2021-11-09 09:04:09', '2022-01-04 03:57:26', 0),
(130, 1, 44, 23, 'C', b'1', '2021-10-16 18:32:34', '2021-11-09 09:04:09', '2022-01-04 03:57:26', 0),
(131, 1, 44, 22, 'C', b'1', '2021-10-16 18:32:34', '2021-11-09 09:04:09', '2022-01-04 03:57:26', 0),
(132, 1, 44, 21, 'C', b'1', '2021-10-16 18:32:34', '2021-11-09 09:04:09', '2022-01-04 03:57:26', 0),
(133, 1, 44, 20, 'C', b'1', '2021-10-16 18:32:34', '2021-11-09 09:04:09', '2022-01-04 03:57:26', 0),
(134, 1, 44, 19, 'C', b'1', '2021-10-16 18:32:34', '2021-11-09 09:04:09', '2022-01-04 03:57:26', 0),
(135, 1, 45, 29, 'C', b'1', '2021-10-16 19:15:30', '2021-11-09 09:04:09', '2022-01-04 03:57:26', 0),
(136, 1, 45, 28, 'C', b'1', '2021-10-16 19:15:30', '2021-11-09 09:04:09', '2022-01-04 03:57:26', 0),
(137, 1, 45, 27, 'C', b'1', '2021-10-16 19:15:30', '2021-11-09 09:04:09', '2022-01-04 03:57:26', 0),
(138, 1, 45, 26, 'C', b'1', '2021-10-16 19:15:30', '2021-11-09 09:04:09', '2022-01-04 03:57:26', 0),
(139, 1, 45, 25, 'C', b'1', '2021-10-16 19:15:30', '2021-11-09 09:04:09', '2022-01-04 03:57:26', 0),
(140, 1, 45, 24, 'C', b'1', '2021-10-16 19:15:30', '2021-11-09 09:04:09', '2022-01-04 03:57:26', 0),
(141, 1, 45, 23, 'C', b'1', '2021-10-16 19:15:30', '2021-11-09 09:04:09', '2022-01-04 03:57:26', 0),
(142, 1, 45, 22, 'C', b'1', '2021-10-16 19:15:30', '2021-11-09 09:04:09', '2022-01-04 03:57:26', 0),
(143, 1, 45, 21, 'C', b'1', '2021-10-16 19:15:30', '2021-11-09 09:04:09', '2022-01-04 03:57:26', 0),
(144, 1, 45, 20, 'C', b'1', '2021-10-16 19:15:30', '2021-11-09 09:04:09', '2022-01-04 03:57:26', 0),
(145, 1, 45, 19, 'C', b'1', '2021-10-16 19:15:30', '2021-11-09 09:04:09', '2022-01-04 03:57:26', 0),
(146, 1, 46, 29, 'C', b'1', '2021-10-18 00:43:49', '2021-11-09 09:04:09', '2022-01-04 03:57:26', 0),
(147, 1, 46, 28, 'C', b'1', '2021-10-18 00:43:50', '2021-11-09 09:04:09', '2022-01-04 03:57:26', 0),
(148, 1, 46, 27, 'C', b'1', '2021-10-18 00:43:50', '2021-11-09 09:04:09', '2022-01-04 03:57:26', 0),
(149, 1, 46, 26, 'C', b'1', '2021-10-18 00:43:50', '2021-11-09 09:04:09', '2022-01-04 03:57:26', 0),
(150, 1, 46, 25, 'C', b'1', '2021-10-18 00:43:50', '2021-11-09 09:04:09', '2022-01-04 03:57:26', 0),
(151, 1, 46, 24, 'C', b'1', '2021-10-18 00:43:50', '2021-11-09 09:04:09', '2022-01-04 03:57:26', 0),
(152, 1, 46, 23, 'C', b'1', '2021-10-18 00:43:50', '2021-11-09 09:04:09', '2022-01-04 03:57:26', 0),
(153, 1, 46, 22, 'C', b'1', '2021-10-18 00:43:50', '2021-11-09 09:04:09', '2022-01-04 03:57:26', 0),
(154, 1, 46, 21, 'C', b'1', '2021-10-18 00:43:50', '2021-11-09 09:04:09', '2022-01-04 03:57:26', 0),
(155, 1, 46, 20, 'C', b'1', '2021-10-18 00:43:50', '2021-11-09 09:04:09', '2022-01-04 03:57:26', 0),
(156, 1, 46, 19, 'C', b'1', '2021-10-18 00:43:50', '2021-11-09 09:04:09', '2022-01-04 03:57:26', 0),
(157, 1, 47, 29, 'C', b'1', '2021-10-18 00:44:53', '2021-11-09 09:04:09', '2022-01-04 03:57:26', 0),
(158, 1, 47, 28, 'C', b'1', '2021-10-18 00:44:53', '2021-11-09 09:04:09', '2022-01-04 03:57:26', 0),
(159, 1, 47, 27, 'C', b'1', '2021-10-18 00:44:53', '2021-11-09 09:04:09', '2022-01-04 03:57:26', 0),
(160, 1, 47, 26, 'C', b'1', '2021-10-18 00:44:53', '2021-11-09 09:04:09', '2022-01-04 03:57:26', 0),
(161, 1, 47, 25, 'C', b'1', '2021-10-18 00:44:53', '2021-11-09 09:04:09', '2022-01-04 03:57:26', 0),
(162, 1, 47, 24, 'C', b'1', '2021-10-18 00:44:53', '2021-11-09 09:04:09', '2022-01-04 03:57:26', 0),
(163, 1, 47, 23, 'C', b'1', '2021-10-18 00:44:53', '2021-11-09 09:04:09', '2022-01-04 03:57:26', 0),
(164, 1, 47, 22, 'C', b'1', '2021-10-18 00:44:53', '2021-11-09 09:04:09', '2022-01-04 03:57:26', 0),
(165, 1, 47, 21, 'C', b'1', '2021-10-18 00:44:53', '2021-11-09 09:04:09', '2022-01-04 03:57:26', 0),
(166, 1, 47, 20, 'C', b'1', '2021-10-18 00:44:53', '2021-11-09 09:04:09', '2022-01-04 03:57:26', 0),
(167, 1, 47, 19, 'C', b'1', '2021-10-18 00:44:53', '2021-11-09 09:04:09', '2022-01-04 03:57:26', 0),
(168, 1, 48, 29, 'C', b'1', '2021-10-18 00:48:56', '2021-11-09 09:04:09', '2022-01-04 03:57:26', 0),
(169, 1, 48, 28, 'C', b'1', '2021-10-18 00:48:56', '2021-11-09 09:04:09', '2022-01-04 03:57:26', 0),
(170, 1, 48, 27, 'C', b'1', '2021-10-18 00:48:56', '2021-11-09 09:04:09', '2022-01-04 03:57:26', 0),
(171, 1, 48, 26, 'C', b'1', '2021-10-18 00:48:56', '2021-11-09 09:04:09', '2022-01-04 03:57:26', 0),
(172, 1, 48, 25, 'C', b'1', '2021-10-18 00:48:56', '2021-11-09 09:04:09', '2022-01-04 03:57:26', 0),
(173, 1, 48, 24, 'C', b'1', '2021-10-18 00:48:56', '2021-11-09 09:04:09', '2022-01-04 03:57:26', 0),
(174, 1, 48, 23, 'C', b'1', '2021-10-18 00:48:56', '2021-11-09 09:04:09', '2022-01-04 03:57:26', 0),
(175, 1, 48, 22, 'C', b'1', '2021-10-18 00:48:56', '2021-11-09 09:04:09', '2022-01-04 03:57:26', 0),
(176, 1, 48, 21, 'C', b'1', '2021-10-18 00:48:56', '2021-11-09 09:04:09', '2022-01-04 03:57:26', 0),
(177, 1, 48, 20, 'C', b'1', '2021-10-18 00:48:56', '2021-11-09 09:04:09', '2022-01-04 03:57:26', 0),
(178, 1, 48, 19, 'C', b'1', '2021-10-18 00:48:56', '2021-11-09 09:04:09', '2022-01-04 03:57:26', 0),
(179, 1, 49, 29, 'C', b'1', '2021-10-18 00:50:06', '2021-11-09 09:04:09', '2022-01-04 03:57:26', 0),
(180, 1, 49, 28, 'C', b'1', '2021-10-18 00:50:06', '2021-11-09 09:04:09', '2022-01-04 03:57:26', 0),
(181, 1, 49, 27, 'C', b'1', '2021-10-18 00:50:06', '2021-11-09 09:04:09', '2022-01-04 03:57:26', 0),
(182, 1, 49, 26, 'C', b'1', '2021-10-18 00:50:06', '2021-11-09 09:04:09', '2022-01-04 03:57:26', 0),
(183, 1, 49, 25, 'C', b'1', '2021-10-18 00:50:06', '2021-11-09 09:04:09', '2022-01-04 03:57:26', 0),
(184, 1, 49, 24, 'C', b'1', '2021-10-18 00:50:06', '2021-11-09 09:04:09', '2022-01-04 03:57:26', 0),
(185, 1, 49, 23, 'C', b'1', '2021-10-18 00:50:06', '2021-11-09 09:04:09', '2022-01-04 03:57:26', 0),
(186, 1, 49, 22, 'C', b'1', '2021-10-18 00:50:06', '2021-11-09 09:04:09', '2022-01-04 03:57:26', 0),
(187, 1, 49, 21, 'C', b'1', '2021-10-18 00:50:06', '2021-11-09 09:04:09', '2022-01-04 03:57:26', 0),
(188, 1, 49, 20, 'C', b'1', '2021-10-18 00:50:06', '2021-11-09 09:04:09', '2022-01-04 03:57:26', 0),
(189, 1, 49, 19, 'C', b'1', '2021-10-18 00:50:06', '2021-11-09 09:04:09', '2022-01-04 03:57:26', 0),
(190, 1, 50, 29, 'C', b'1', '2021-10-18 21:28:05', '2021-11-09 09:04:09', '2022-01-04 03:57:26', 0),
(191, 1, 50, 28, 'C', b'1', '2021-10-18 21:28:05', '2021-11-09 09:04:09', '2022-01-04 03:57:26', 0),
(192, 1, 50, 27, 'C', b'1', '2021-10-18 21:28:05', '2021-11-09 09:04:09', '2022-01-04 03:57:26', 0),
(193, 1, 50, 26, 'C', b'1', '2021-10-18 21:28:05', '2021-11-09 09:04:09', '2022-01-04 03:57:26', 0),
(194, 1, 50, 25, 'C', b'1', '2021-10-18 21:28:05', '2021-11-09 09:04:09', '2022-01-04 03:57:26', 0),
(195, 1, 50, 24, 'C', b'1', '2021-10-18 21:28:05', '2021-11-09 09:04:09', '2022-01-04 03:57:26', 0),
(196, 1, 50, 23, 'C', b'1', '2021-10-18 21:28:05', '2021-11-09 09:04:09', '2022-01-04 03:57:26', 0),
(197, 1, 50, 22, 'C', b'1', '2021-10-18 21:28:05', '2021-11-09 09:04:09', '2022-01-04 03:57:26', 0),
(198, 1, 50, 21, 'C', b'1', '2021-10-18 21:28:05', '2021-11-09 09:04:09', '2022-01-04 03:57:26', 0),
(199, 1, 50, 20, 'C', b'1', '2021-10-18 21:28:05', '2021-11-09 09:04:09', '2022-01-04 03:57:26', 0),
(200, 1, 50, 19, 'C', b'1', '2021-10-18 21:28:05', '2021-11-09 09:04:09', '2022-01-04 03:57:26', 0),
(201, 1, 51, 19, 'C', b'1', '2021-10-20 00:26:29', '2021-11-09 09:04:09', '2022-01-04 03:57:26', 0),
(202, 1, 51, 20, 'C', b'1', '2021-10-20 00:26:29', '2021-11-09 09:04:09', '2022-01-04 03:57:26', 0),
(203, 1, 51, 21, 'C', b'1', '2021-10-20 00:26:29', '2021-11-09 09:04:09', '2022-01-04 03:57:26', 0),
(204, 1, 51, 22, 'C', b'1', '2021-10-20 00:26:29', '2021-11-09 09:04:09', '2022-01-04 03:57:26', 0),
(205, 1, 51, 23, 'C', b'1', '2021-10-20 00:26:29', '2021-11-09 09:04:09', '2022-01-04 03:57:26', 0),
(206, 1, 51, 24, 'C', b'1', '2021-10-20 00:26:29', '2021-11-09 09:04:09', '2022-01-04 03:57:26', 0),
(207, 1, 51, 25, 'C', b'1', '2021-10-20 00:26:29', '2021-11-09 09:04:09', '2022-01-04 03:57:26', 0),
(208, 1, 51, 26, 'C', b'1', '2021-10-20 00:26:29', '2021-11-09 09:04:09', '2022-01-04 03:57:26', 0),
(209, 1, 51, 27, 'C', b'1', '2021-10-20 00:26:29', '2021-11-09 09:04:09', '2022-01-04 03:57:26', 0),
(210, 1, 51, 28, 'C', b'1', '2021-10-20 00:26:29', '2021-11-09 09:04:09', '2022-01-04 03:57:26', 0),
(211, 1, 51, 29, 'C', b'1', '2021-10-20 00:26:29', '2021-11-09 09:04:09', '2022-01-04 03:57:26', 0),
(212, 47, 53, 31, 'C', b'1', '2021-11-20 01:10:32', '2021-11-20 01:10:32', '2022-01-04 03:57:26', 0),
(213, 47, 54, 31, 'C', b'1', '2021-11-20 01:17:04', '2021-11-20 01:17:04', '2022-01-04 03:57:26', 0),
(214, 47, 55, 31, 'C', b'1', '2021-11-20 01:17:23', '2021-11-20 01:17:23', '2022-01-04 03:57:26', 0),
(215, 47, 56, 31, 'C', b'1', '2021-11-20 01:17:45', '2021-11-20 01:17:45', '2022-01-04 03:57:26', 0),
(216, 47, 57, 31, 'C', b'1', '2021-11-20 01:18:07', '2021-11-20 01:18:07', '2022-01-04 03:57:26', 0),
(224, 55, 61, 43, 'C', b'1', '2022-01-02 15:40:54', '2022-01-02 15:40:54', '2022-01-04 03:57:26', 0),
(223, 55, 61, 42, 'C', b'1', '2022-01-02 15:40:54', '2022-01-02 15:40:54', '2022-01-04 03:57:26', 0),
(222, 55, 61, 41, 'C', b'1', '2022-01-02 15:40:54', '2022-01-02 15:40:54', '2022-01-04 03:57:26', 0),
(221, 55, 61, 40, 'C', b'1', '2022-01-02 15:40:54', '2022-01-02 15:40:54', '2022-01-04 03:57:26', 0);

-- --------------------------------------------------------

--
-- Estructura de tabla para la tabla `boleta_pareja`
--

CREATE TABLE `boleta_pareja` (
  `id` int(11) NOT NULL,
  `boleta_id` int(11) NOT NULL,
  `pareja_id` int(11) NOT NULL,
  `salidor` bit(1) NOT NULL DEFAULT b'0',
  `tantos` int(11) NOT NULL,
  `resultado` int(11) NOT NULL DEFAULT 0,
  `ganador` bit(1) NOT NULL DEFAULT b'0',
  `inicio` datetime NOT NULL,
  `duracion` datetime DEFAULT NULL,
  `tiempo` int(11) GENERATED ALWAYS AS (timestampdiff(SECOND,`inicio`,`duracion`)) VIRTUAL
) ENGINE=MyISAM DEFAULT CHARSET=utf8mb4;

--
-- Volcado de datos para la tabla `boleta_pareja`
--

INSERT INTO `boleta_pareja` (`id`, `boleta_id`, `pareja_id`, `salidor`, `tantos`, `resultado`, `ganador`, `inicio`, `duracion`) VALUES
(46, 69, 1, b'1', 70, 0, b'1', '2021-10-16 17:25:41', '2021-11-09 20:00:31'),
(45, 68, 12, b'1', 51, 0, b'0', '2021-10-05 18:43:39', '2021-10-05 18:45:39'),
(44, 68, 11, b'1', 23, 0, b'1', '2021-10-05 18:43:39', '2021-10-05 18:43:40'),
(43, 67, 11, b'0', 66, 0, b'1', '2021-10-05 18:43:39', '2021-10-05 18:44:39'),
(42, 67, 10, b'0', 57, 0, b'0', '2021-10-05 18:43:39', '2021-10-05 18:43:45'),
(41, 66, 10, b'0', 66, 0, b'0', '2021-10-05 18:43:39', '2021-10-05 18:43:39'),
(40, 66, 9, b'1', 21, 0, b'1', '2021-10-05 18:43:39', '2021-10-05 18:43:39'),
(39, 65, 9, b'0', 70, 0, b'1', '2021-10-05 18:43:39', '2021-10-05 18:43:39'),
(38, 65, 8, b'1', 24, 0, b'1', '2021-10-05 18:43:39', '2021-10-05 18:43:39'),
(37, 64, 8, b'0', 71, 0, b'1', '2021-10-05 18:43:39', '2021-10-05 18:43:39'),
(36, 64, 7, b'0', 21, 0, b'1', '2021-10-05 18:43:39', '2021-10-05 18:43:39'),
(35, 63, 7, b'0', 57, 0, b'1', '2021-10-05 18:43:39', '2021-10-05 18:43:39'),
(34, 63, 6, b'1', 79, 0, b'0', '2021-10-05 18:43:39', '2021-10-05 18:43:39'),
(33, 62, 6, b'0', 20, 0, b'0', '2021-10-05 18:43:39', '2021-10-05 18:43:39'),
(32, 62, 5, b'0', 28, 0, b'0', '2021-10-05 18:43:39', '2021-10-05 18:43:39'),
(31, 61, 5, b'1', 60, 0, b'1', '2021-10-05 18:43:39', '2021-10-05 18:43:39'),
(30, 61, 4, b'1', 73, 0, b'0', '2021-10-05 18:43:39', '2021-10-05 18:43:39'),
(29, 60, 4, b'0', 44, 0, b'0', '2021-10-05 18:43:39', '2021-10-05 18:43:39'),
(28, 60, 3, b'1', 44, 0, b'0', '2021-10-05 18:43:39', '2021-10-05 18:43:39'),
(27, 59, 3, b'1', 68, 0, b'0', '2021-10-05 18:43:39', '2021-10-05 18:43:39'),
(26, 59, 2, b'0', 64, 0, b'1', '2021-10-05 18:43:39', '2021-10-05 18:43:39'),
(25, 58, 2, b'0', 39, 0, b'0', '2021-10-05 18:43:39', '2021-10-05 18:43:39'),
(24, 58, 1, b'1', 43, 0, b'0', '2021-10-05 18:43:39', '2021-10-05 18:43:39'),
(47, 69, 2, b'1', 80, 0, b'0', '2021-10-16 17:25:41', '2021-10-16 17:25:41'),
(48, 70, 2, b'0', 66, 0, b'0', '2021-10-16 17:25:41', '2021-10-16 17:25:41'),
(49, 70, 3, b'1', 72, 0, b'0', '2021-10-16 17:25:41', '2021-10-16 17:25:41'),
(50, 71, 3, b'0', 20, 0, b'1', '2021-10-16 17:25:41', '2021-10-16 17:25:41'),
(51, 71, 4, b'1', 49, 0, b'1', '2021-10-16 17:25:41', '2021-10-16 17:25:41'),
(52, 72, 4, b'1', 41, 0, b'1', '2021-10-16 17:25:41', '2021-10-16 17:25:41'),
(53, 72, 5, b'1', 39, 0, b'1', '2021-10-16 17:25:41', '2021-10-16 17:25:41'),
(54, 73, 5, b'0', 54, 0, b'0', '2021-10-16 17:25:41', '2021-10-16 17:25:41'),
(55, 73, 6, b'0', 71, 0, b'0', '2021-10-16 17:25:41', '2021-10-16 17:25:41'),
(56, 74, 6, b'1', 51, 0, b'0', '2021-10-16 17:25:41', '2021-10-16 17:25:41'),
(57, 74, 7, b'0', 25, 0, b'0', '2021-10-16 17:25:41', '2021-10-16 17:25:41'),
(58, 75, 7, b'0', 72, 0, b'0', '2021-10-16 17:25:41', '2021-10-16 17:25:41'),
(59, 75, 8, b'1', 23, 0, b'1', '2021-10-16 17:25:41', '2021-10-16 17:25:41'),
(60, 76, 8, b'0', 62, 0, b'1', '2021-10-16 17:25:41', '2021-10-16 17:25:41'),
(61, 76, 9, b'0', 40, 0, b'1', '2021-10-16 17:25:41', '2021-10-16 17:25:41'),
(62, 77, 9, b'1', 56, 0, b'0', '2021-10-16 17:25:41', '2021-10-16 17:25:41'),
(63, 77, 10, b'0', 78, 0, b'0', '2021-10-16 17:25:41', '2021-10-16 17:25:41'),
(64, 78, 10, b'0', 79, 0, b'1', '2021-10-16 17:25:41', '2021-10-16 17:25:41'),
(65, 78, 11, b'1', 21, 0, b'1', '2021-10-16 17:25:41', '2021-10-16 17:25:41'),
(66, 79, 11, b'1', 32, 0, b'1', '2021-10-16 17:25:41', '2021-10-16 17:25:41'),
(67, 79, 12, b'0', 78, 0, b'0', '2021-10-16 17:25:41', '2021-10-16 17:25:41'),
(68, 80, 1, b'0', 30, 0, b'1', '2021-10-16 17:29:09', '2021-10-16 17:29:09'),
(69, 80, 2, b'0', 20, 0, b'0', '2021-10-16 17:29:09', '2021-10-16 17:29:09'),
(70, 81, 2, b'1', 50, 0, b'0', '2021-10-16 17:29:09', '2021-10-16 17:29:09'),
(71, 81, 3, b'0', 48, 0, b'0', '2021-10-16 17:29:09', '2021-10-16 17:29:09'),
(72, 82, 3, b'1', 72, 0, b'0', '2021-10-16 17:29:09', '2021-10-16 17:29:09'),
(73, 82, 4, b'0', 73, 0, b'1', '2021-10-16 17:29:09', '2021-10-16 17:29:09'),
(74, 83, 4, b'0', 70, 0, b'0', '2021-10-16 17:29:09', '2021-10-16 17:29:09'),
(75, 83, 5, b'1', 51, 0, b'1', '2021-10-16 17:29:09', '2021-10-16 17:29:09'),
(76, 84, 5, b'0', 25, 0, b'0', '2021-10-16 17:29:09', '2021-10-16 17:29:09'),
(77, 84, 6, b'1', 76, 0, b'0', '2021-10-16 17:29:09', '2021-10-16 17:29:09'),
(78, 85, 6, b'0', 41, 0, b'1', '2021-10-16 17:29:09', '2021-10-16 17:29:09'),
(79, 85, 7, b'1', 78, 0, b'0', '2021-10-16 17:29:09', '2021-10-16 17:29:09'),
(80, 86, 7, b'1', 67, 0, b'0', '2021-10-16 17:29:09', '2021-10-16 17:29:09'),
(81, 86, 8, b'1', 78, 0, b'0', '2021-10-16 17:29:09', '2021-10-16 17:29:09'),
(82, 87, 8, b'1', 50, 0, b'1', '2021-10-16 17:29:09', '2021-10-16 17:29:09'),
(83, 87, 9, b'1', 55, 0, b'0', '2021-10-16 17:29:09', '2021-10-16 17:29:09'),
(84, 88, 9, b'0', 47, 0, b'0', '2021-10-16 17:29:09', '2021-10-16 17:29:09'),
(85, 88, 10, b'1', 51, 0, b'0', '2021-10-16 17:29:09', '2021-10-16 17:29:09'),
(86, 89, 10, b'0', 33, 0, b'1', '2021-10-16 17:29:09', '2021-10-16 17:29:09'),
(87, 89, 11, b'1', 53, 0, b'1', '2021-10-16 17:29:09', '2021-10-16 17:29:09'),
(88, 90, 11, b'0', 23, 0, b'0', '2021-10-16 17:29:09', '2021-10-16 17:29:09'),
(89, 90, 12, b'0', 59, 0, b'1', '2021-10-16 17:29:09', '2021-10-16 17:29:09'),
(90, 91, 1, b'1', 22, 0, b'0', '2021-10-16 17:29:11', '2021-10-16 17:29:11'),
(91, 91, 2, b'0', 37, 0, b'1', '2021-10-16 17:29:11', '2021-10-16 17:29:11'),
(92, 92, 2, b'1', 38, 0, b'0', '2021-10-16 17:29:11', '2021-10-16 17:29:11'),
(93, 92, 3, b'1', 61, 0, b'1', '2021-10-16 17:29:11', '2021-10-16 17:29:11'),
(94, 93, 3, b'1', 47, 0, b'0', '2021-10-16 17:29:11', '2021-10-16 17:29:11'),
(95, 93, 4, b'1', 34, 0, b'1', '2021-10-16 17:29:11', '2021-10-16 17:29:11'),
(96, 94, 4, b'0', 68, 0, b'0', '2021-10-16 17:29:11', '2021-10-16 17:29:11'),
(97, 94, 5, b'1', 39, 0, b'1', '2021-10-16 17:29:11', '2021-10-16 17:29:11'),
(98, 95, 5, b'0', 32, 0, b'0', '2021-10-16 17:29:11', '2021-10-16 17:29:11'),
(99, 95, 6, b'1', 23, 0, b'0', '2021-10-16 17:29:11', '2021-10-16 17:29:11'),
(100, 96, 6, b'1', 62, 0, b'0', '2021-10-16 17:29:11', '2021-10-16 17:29:11'),
(101, 96, 7, b'0', 37, 0, b'0', '2021-10-16 17:29:11', '2021-10-16 17:29:11'),
(102, 97, 7, b'1', 40, 0, b'0', '2021-10-16 17:29:11', '2021-10-16 17:29:11'),
(103, 97, 8, b'0', 68, 0, b'1', '2021-10-16 17:29:11', '2021-10-16 17:29:11'),
(104, 98, 8, b'0', 20, 0, b'0', '2021-10-16 17:29:11', '2021-10-16 17:29:11'),
(105, 98, 9, b'0', 57, 0, b'0', '2021-10-16 17:29:11', '2021-10-16 17:29:11'),
(106, 99, 9, b'0', 26, 0, b'0', '2021-10-16 17:29:11', '2021-10-16 17:29:11'),
(107, 99, 10, b'0', 59, 0, b'1', '2021-10-16 17:29:11', '2021-10-16 17:29:11'),
(108, 100, 10, b'1', 75, 0, b'1', '2021-10-16 17:29:11', '2021-10-16 17:29:11'),
(109, 100, 11, b'0', 56, 0, b'0', '2021-10-16 17:29:11', '2021-10-16 17:29:11'),
(110, 101, 11, b'1', 37, 0, b'0', '2021-10-16 17:29:11', '2021-10-16 17:29:11'),
(111, 101, 12, b'0', 59, 0, b'1', '2021-10-16 17:29:11', '2021-10-16 17:29:11'),
(112, 102, 1, b'0', 41, 0, b'1', '2021-10-16 17:31:20', '2021-10-16 17:31:20'),
(113, 102, 2, b'1', 72, 0, b'1', '2021-10-16 17:31:20', '2021-10-16 17:31:20'),
(114, 103, 2, b'0', 32, 0, b'1', '2021-10-16 17:31:20', '2021-10-16 17:31:20'),
(115, 103, 3, b'1', 48, 0, b'0', '2021-10-16 17:31:20', '2021-10-16 17:31:20'),
(116, 104, 3, b'1', 64, 0, b'1', '2021-10-16 17:31:20', '2021-10-16 17:31:20'),
(117, 104, 4, b'1', 34, 0, b'0', '2021-10-16 17:31:20', '2021-10-16 17:31:20'),
(118, 105, 4, b'1', 79, 0, b'0', '2021-10-16 17:31:20', '2021-10-16 17:31:20'),
(119, 105, 5, b'1', 29, 0, b'1', '2021-10-16 17:31:20', '2021-10-16 17:31:20'),
(120, 106, 5, b'1', 72, 0, b'0', '2021-10-16 17:31:20', '2021-10-16 17:31:20'),
(121, 106, 6, b'0', 71, 0, b'1', '2021-10-16 17:31:20', '2021-10-16 17:31:20'),
(122, 107, 6, b'0', 57, 0, b'1', '2021-10-16 17:31:20', '2021-10-16 17:31:20'),
(123, 107, 7, b'1', 52, 0, b'1', '2021-10-16 17:31:20', '2021-10-16 17:31:20'),
(124, 108, 7, b'1', 70, 0, b'0', '2021-10-16 17:31:20', '2021-10-16 17:31:20'),
(125, 108, 8, b'0', 51, 0, b'0', '2021-10-16 17:31:20', '2021-10-16 17:31:20'),
(126, 109, 8, b'0', 27, 0, b'1', '2021-10-16 17:31:20', '2021-10-16 17:31:20'),
(127, 109, 9, b'1', 25, 0, b'1', '2021-10-16 17:31:20', '2021-10-16 17:31:20'),
(128, 110, 9, b'1', 23, 0, b'0', '2021-10-16 17:31:20', '2021-10-16 17:31:20'),
(129, 110, 10, b'1', 20, 0, b'0', '2021-10-16 17:31:20', '2021-10-16 17:31:20'),
(130, 111, 10, b'0', 74, 0, b'1', '2021-10-16 17:31:20', '2021-10-16 17:31:20'),
(131, 111, 11, b'1', 44, 0, b'0', '2021-10-16 17:31:20', '2021-10-16 17:31:20'),
(132, 112, 11, b'0', 39, 0, b'1', '2021-10-16 17:31:20', '2021-10-16 17:31:20'),
(133, 112, 12, b'0', 46, 0, b'0', '2021-10-16 17:31:20', '2021-10-16 17:31:20'),
(134, 113, 1, b'0', 33, 0, b'0', '2021-10-16 17:31:22', '2021-10-16 17:31:22'),
(135, 113, 2, b'1', 67, 0, b'1', '2021-10-16 17:31:22', '2021-10-16 17:31:22'),
(136, 114, 2, b'1', 35, 0, b'1', '2021-10-16 17:31:22', '2021-10-16 17:31:22'),
(137, 114, 3, b'0', 76, 0, b'1', '2021-10-16 17:31:22', '2021-10-16 17:31:22'),
(138, 115, 3, b'1', 73, 0, b'0', '2021-10-16 17:31:22', '2021-10-16 17:31:22'),
(139, 115, 4, b'1', 58, 0, b'0', '2021-10-16 17:31:22', '2021-10-16 17:31:22'),
(140, 116, 4, b'0', 50, 0, b'1', '2021-10-16 17:31:22', '2021-10-16 17:31:22'),
(141, 116, 5, b'1', 58, 0, b'1', '2021-10-16 17:31:22', '2021-10-16 17:31:22'),
(142, 117, 5, b'0', 61, 0, b'1', '2021-10-16 17:31:22', '2021-10-16 17:31:22'),
(143, 117, 6, b'0', 47, 0, b'0', '2021-10-16 17:31:22', '2021-10-16 17:31:22'),
(144, 118, 6, b'0', 35, 0, b'0', '2021-10-16 17:31:22', '2021-10-16 17:31:22'),
(145, 118, 7, b'0', 73, 0, b'1', '2021-10-16 17:31:22', '2021-10-16 17:31:22'),
(146, 119, 7, b'0', 60, 0, b'1', '2021-10-16 17:31:22', '2021-10-16 17:31:22'),
(147, 119, 8, b'1', 59, 0, b'0', '2021-10-16 17:31:22', '2021-10-16 17:31:22'),
(148, 120, 8, b'0', 37, 0, b'0', '2021-10-16 17:31:22', '2021-10-16 17:31:22'),
(149, 120, 9, b'0', 48, 0, b'1', '2021-10-16 17:31:22', '2021-10-16 17:31:22'),
(150, 121, 9, b'1', 48, 0, b'0', '2021-10-16 17:31:22', '2021-10-16 17:31:22'),
(151, 121, 10, b'1', 78, 0, b'1', '2021-10-16 17:31:22', '2021-10-16 17:31:22'),
(152, 122, 10, b'1', 44, 0, b'1', '2021-10-16 17:31:22', '2021-10-16 17:31:22'),
(153, 122, 11, b'0', 28, 0, b'0', '2021-10-16 17:31:22', '2021-10-16 17:31:22'),
(154, 123, 11, b'1', 50, 0, b'0', '2021-10-16 17:31:22', '2021-10-16 17:31:22'),
(155, 123, 12, b'0', 25, 0, b'1', '2021-10-16 17:31:22', '2021-10-16 17:31:22'),
(156, 124, 1, b'0', 75, 0, b'1', '2021-10-16 17:32:34', '2021-10-16 17:32:34'),
(157, 124, 2, b'0', 36, 0, b'0', '2021-10-16 17:32:34', '2021-10-16 17:32:34'),
(158, 125, 2, b'1', 59, 0, b'0', '2021-10-16 17:32:34', '2021-10-16 17:32:34'),
(159, 125, 3, b'0', 45, 0, b'1', '2021-10-16 17:32:34', '2021-10-16 17:32:34'),
(160, 126, 3, b'0', 27, 0, b'0', '2021-10-16 17:32:34', '2021-10-16 17:32:34'),
(161, 126, 4, b'0', 44, 0, b'0', '2021-10-16 17:32:34', '2021-10-16 17:32:34'),
(162, 127, 4, b'1', 59, 0, b'1', '2021-10-16 17:32:34', '2021-10-16 17:32:34'),
(163, 127, 5, b'1', 80, 0, b'1', '2021-10-16 17:32:34', '2021-10-16 17:32:34'),
(164, 128, 5, b'1', 22, 0, b'0', '2021-10-16 17:32:34', '2021-10-16 17:32:34'),
(165, 128, 6, b'1', 35, 0, b'1', '2021-10-16 17:32:34', '2021-10-16 17:32:34'),
(166, 129, 6, b'0', 27, 0, b'0', '2021-10-16 17:32:34', '2021-10-16 17:32:34'),
(167, 129, 7, b'0', 70, 0, b'0', '2021-10-16 17:32:34', '2021-10-16 17:32:34'),
(168, 130, 7, b'0', 67, 0, b'1', '2021-10-16 17:32:34', '2021-10-16 17:32:34'),
(169, 130, 8, b'0', 46, 0, b'1', '2021-10-16 17:32:34', '2021-10-16 17:32:34'),
(170, 131, 8, b'1', 69, 0, b'1', '2021-10-16 17:32:34', '2021-10-16 17:32:34'),
(171, 131, 9, b'0', 68, 0, b'1', '2021-10-16 17:32:34', '2021-10-16 17:32:34'),
(172, 132, 9, b'0', 50, 0, b'0', '2021-10-16 17:32:34', '2021-10-16 17:32:34'),
(173, 132, 10, b'1', 29, 0, b'0', '2021-10-16 17:32:34', '2021-10-16 17:32:34'),
(174, 133, 10, b'0', 36, 0, b'1', '2021-10-16 17:32:34', '2021-10-16 17:32:34'),
(175, 133, 11, b'1', 73, 0, b'1', '2021-10-16 17:32:34', '2021-10-16 17:32:34'),
(176, 134, 11, b'1', 56, 0, b'0', '2021-10-16 17:32:34', '2021-10-16 17:32:34'),
(177, 134, 12, b'0', 41, 0, b'0', '2021-10-16 17:32:34', '2021-10-16 17:32:34'),
(178, 135, 1, b'1', 78, 0, b'0', '2021-10-16 18:15:30', '2021-10-16 18:15:30'),
(179, 135, 2, b'1', 66, 0, b'0', '2021-10-16 18:15:30', '2021-10-16 18:15:30'),
(180, 136, 2, b'0', 77, 0, b'0', '2021-10-16 18:15:30', '2021-10-16 18:15:30'),
(181, 136, 3, b'0', 43, 0, b'1', '2021-10-16 18:15:30', '2021-10-16 18:15:30'),
(182, 137, 3, b'1', 27, 0, b'1', '2021-10-16 18:15:30', '2021-10-16 18:15:30'),
(183, 137, 4, b'1', 49, 0, b'0', '2021-10-16 18:15:30', '2021-10-16 18:15:30'),
(184, 138, 4, b'0', 20, 0, b'1', '2021-10-16 18:15:30', '2021-10-16 18:15:30'),
(185, 138, 5, b'1', 55, 0, b'0', '2021-10-16 18:15:30', '2021-10-16 18:15:30'),
(186, 139, 5, b'1', 74, 0, b'0', '2021-10-16 18:15:30', '2021-10-16 18:15:30'),
(187, 139, 6, b'0', 65, 0, b'1', '2021-10-16 18:15:30', '2021-10-16 18:15:30'),
(188, 140, 6, b'1', 23, 0, b'0', '2021-10-16 18:15:30', '2021-10-16 18:15:30'),
(189, 140, 7, b'0', 20, 0, b'1', '2021-10-16 18:15:30', '2021-10-16 18:15:30'),
(190, 141, 7, b'0', 73, 0, b'1', '2021-10-16 18:15:30', '2021-10-16 18:15:30'),
(191, 141, 8, b'0', 42, 0, b'1', '2021-10-16 18:15:30', '2021-10-16 18:15:30'),
(192, 142, 8, b'0', 32, 0, b'1', '2021-10-16 18:15:30', '2021-10-16 18:15:30'),
(193, 142, 9, b'1', 76, 0, b'1', '2021-10-16 18:15:30', '2021-10-16 18:15:30'),
(194, 143, 9, b'1', 20, 0, b'1', '2021-10-16 18:15:30', '2021-10-16 18:15:30'),
(195, 143, 10, b'1', 38, 0, b'1', '2021-10-16 18:15:30', '2021-10-16 18:15:30'),
(196, 144, 10, b'0', 47, 0, b'1', '2021-10-16 18:15:30', '2021-10-16 18:15:30'),
(197, 144, 11, b'1', 41, 0, b'1', '2021-10-16 18:15:30', '2021-10-16 18:15:30'),
(198, 145, 11, b'0', 46, 0, b'1', '2021-10-16 18:15:30', '2021-10-16 18:15:30'),
(199, 145, 12, b'0', 24, 0, b'1', '2021-10-16 18:15:30', '2021-10-16 18:15:30'),
(200, 146, 1, b'0', 23, 0, b'0', '2021-10-17 23:43:49', '2021-10-17 23:43:49'),
(201, 146, 2, b'1', 24, 0, b'1', '2021-10-17 23:43:50', '2021-10-17 23:43:50'),
(202, 147, 2, b'1', 31, 0, b'1', '2021-10-17 23:43:50', '2021-10-17 23:43:50'),
(203, 147, 3, b'1', 62, 0, b'0', '2021-10-17 23:43:50', '2021-10-17 23:43:50'),
(204, 148, 3, b'0', 78, 0, b'1', '2021-10-17 23:43:50', '2021-10-17 23:43:50'),
(205, 148, 4, b'1', 61, 0, b'0', '2021-10-17 23:43:50', '2021-10-17 23:43:50'),
(206, 149, 4, b'0', 52, 0, b'1', '2021-10-17 23:43:50', '2021-10-17 23:43:50'),
(207, 149, 5, b'1', 60, 0, b'1', '2021-10-17 23:43:50', '2021-10-17 23:43:50'),
(208, 150, 5, b'1', 60, 0, b'0', '2021-10-17 23:43:50', '2021-10-17 23:43:50'),
(209, 150, 6, b'0', 39, 0, b'1', '2021-10-17 23:43:50', '2021-10-17 23:43:50'),
(210, 151, 6, b'1', 60, 0, b'0', '2021-10-17 23:43:50', '2021-10-17 23:43:50'),
(211, 151, 7, b'0', 39, 0, b'0', '2021-10-17 23:43:50', '2021-10-17 23:43:50'),
(212, 152, 7, b'1', 57, 0, b'1', '2021-10-17 23:43:50', '2021-10-17 23:43:50'),
(213, 152, 8, b'0', 28, 0, b'1', '2021-10-17 23:43:50', '2021-10-17 23:43:50'),
(214, 153, 8, b'1', 72, 0, b'1', '2021-10-17 23:43:50', '2021-10-17 23:43:50'),
(215, 153, 9, b'0', 73, 0, b'1', '2021-10-17 23:43:50', '2021-10-17 23:43:50'),
(216, 154, 9, b'0', 67, 0, b'1', '2021-10-17 23:43:50', '2021-10-17 23:43:50'),
(217, 154, 10, b'1', 36, 0, b'1', '2021-10-17 23:43:50', '2021-10-17 23:43:50'),
(218, 155, 10, b'0', 80, 0, b'1', '2021-10-17 23:43:50', '2021-10-17 23:43:50'),
(219, 155, 11, b'1', 30, 0, b'0', '2021-10-17 23:43:50', '2021-10-17 23:43:50'),
(220, 156, 11, b'1', 75, 0, b'0', '2021-10-17 23:43:50', '2021-10-17 23:43:50'),
(221, 156, 12, b'0', 20, 0, b'0', '2021-10-17 23:43:50', '2021-10-17 23:43:50'),
(222, 157, 1, b'1', 39, 0, b'1', '2021-10-17 23:44:53', '2021-10-17 23:44:53'),
(223, 157, 2, b'1', 53, 0, b'0', '2021-10-17 23:44:53', '2021-10-17 23:44:53'),
(224, 158, 2, b'0', 70, 0, b'1', '2021-10-17 23:44:53', '2021-10-17 23:44:53'),
(225, 158, 3, b'0', 48, 0, b'1', '2021-10-17 23:44:53', '2021-10-17 23:44:53'),
(226, 159, 3, b'1', 72, 0, b'0', '2021-10-17 23:44:53', '2021-10-17 23:44:53'),
(227, 159, 4, b'0', 73, 0, b'1', '2021-10-17 23:44:53', '2021-10-17 23:44:53'),
(228, 160, 4, b'0', 70, 0, b'0', '2021-10-17 23:44:53', '2021-10-17 23:44:53'),
(229, 160, 5, b'0', 49, 0, b'0', '2021-10-17 23:44:53', '2021-10-17 23:44:53'),
(230, 161, 5, b'1', 79, 0, b'0', '2021-10-17 23:44:53', '2021-10-17 23:44:53'),
(231, 161, 6, b'0', 44, 0, b'1', '2021-10-17 23:44:53', '2021-10-17 23:44:53'),
(232, 162, 6, b'0', 26, 0, b'0', '2021-10-17 23:44:53', '2021-10-17 23:44:53'),
(233, 162, 7, b'1', 39, 0, b'0', '2021-10-17 23:44:53', '2021-10-17 23:44:53'),
(234, 163, 7, b'0', 36, 0, b'0', '2021-10-17 23:44:53', '2021-10-17 23:44:53'),
(235, 163, 8, b'1', 45, 0, b'1', '2021-10-17 23:44:53', '2021-10-17 23:44:53'),
(236, 164, 8, b'0', 37, 0, b'1', '2021-10-17 23:44:53', '2021-10-17 23:44:53'),
(237, 164, 9, b'0', 27, 0, b'1', '2021-10-17 23:44:53', '2021-10-17 23:44:53'),
(238, 165, 9, b'1', 69, 0, b'1', '2021-10-17 23:44:53', '2021-10-17 23:44:53'),
(239, 165, 10, b'1', 62, 0, b'0', '2021-10-17 23:44:53', '2021-10-17 23:44:53'),
(240, 166, 10, b'0', 80, 0, b'1', '2021-10-17 23:44:53', '2021-10-17 23:44:53'),
(241, 166, 11, b'1', 75, 0, b'1', '2021-10-17 23:44:53', '2021-10-17 23:44:53'),
(242, 167, 11, b'0', 53, 0, b'0', '2021-10-17 23:44:53', '2021-10-17 23:44:53'),
(243, 167, 12, b'1', 23, 0, b'0', '2021-10-17 23:44:53', '2021-10-17 23:44:53'),
(244, 168, 1, b'0', 56, 0, b'1', '2021-10-17 23:48:56', '2021-10-17 23:48:56'),
(245, 168, 2, b'0', 70, 0, b'1', '2021-10-17 23:48:56', '2021-10-17 23:48:56'),
(246, 169, 2, b'0', 43, 0, b'0', '2021-10-17 23:48:56', '2021-10-17 23:48:56'),
(247, 169, 3, b'1', 44, 0, b'1', '2021-10-17 23:48:56', '2021-10-17 23:48:56'),
(248, 170, 3, b'1', 71, 0, b'0', '2021-10-17 23:48:56', '2021-10-17 23:48:56'),
(249, 170, 4, b'0', 20, 0, b'1', '2021-10-17 23:48:56', '2021-10-17 23:48:56'),
(250, 171, 4, b'0', 52, 0, b'1', '2021-10-17 23:48:56', '2021-10-17 23:48:56'),
(251, 171, 5, b'1', 59, 0, b'1', '2021-10-17 23:48:56', '2021-10-17 23:48:56'),
(252, 172, 5, b'1', 59, 0, b'1', '2021-10-17 23:48:56', '2021-10-17 23:48:56'),
(253, 172, 6, b'0', 38, 0, b'1', '2021-10-17 23:48:56', '2021-10-17 23:48:56'),
(254, 173, 6, b'1', 54, 0, b'0', '2021-10-17 23:48:56', '2021-10-17 23:48:56'),
(255, 173, 7, b'0', 75, 0, b'1', '2021-10-17 23:48:56', '2021-10-17 23:48:56'),
(256, 174, 7, b'0', 73, 0, b'1', '2021-10-17 23:48:56', '2021-10-17 23:48:56'),
(257, 174, 8, b'0', 60, 0, b'0', '2021-10-17 23:48:56', '2021-10-17 23:48:56'),
(258, 175, 8, b'0', 61, 0, b'1', '2021-10-17 23:48:56', '2021-10-17 23:48:56'),
(259, 175, 9, b'0', 44, 0, b'1', '2021-10-17 23:48:56', '2021-10-17 23:48:56'),
(260, 176, 9, b'1', 79, 0, b'0', '2021-10-17 23:48:56', '2021-10-17 23:48:56'),
(261, 176, 10, b'0', 60, 0, b'0', '2021-10-17 23:48:56', '2021-10-17 23:48:56'),
(262, 177, 10, b'0', 42, 0, b'1', '2021-10-17 23:48:56', '2021-10-17 23:48:56'),
(263, 177, 11, b'0', 73, 0, b'1', '2021-10-17 23:48:56', '2021-10-17 23:48:56'),
(264, 178, 11, b'0', 36, 0, b'1', '2021-10-17 23:48:56', '2021-10-17 23:48:56'),
(265, 178, 12, b'0', 64, 0, b'1', '2021-10-17 23:48:56', '2021-10-17 23:48:56'),
(266, 179, 1, b'1', 72, 0, b'1', '2021-10-17 23:50:06', '2021-10-17 23:50:06'),
(267, 179, 2, b'0', 24, 0, b'1', '2021-10-17 23:50:06', '2021-10-17 23:50:06'),
(268, 180, 2, b'1', 69, 0, b'1', '2021-10-17 23:50:06', '2021-10-17 23:50:06'),
(269, 180, 3, b'0', 69, 0, b'0', '2021-10-17 23:50:06', '2021-10-17 23:50:06'),
(270, 181, 3, b'1', 57, 0, b'1', '2021-10-17 23:50:06', '2021-10-17 23:50:06'),
(271, 181, 4, b'1', 58, 0, b'1', '2021-10-17 23:50:06', '2021-10-17 23:50:06'),
(272, 182, 4, b'0', 39, 0, b'1', '2021-10-17 23:50:06', '2021-10-17 23:50:06'),
(273, 182, 5, b'1', 63, 0, b'0', '2021-10-17 23:50:06', '2021-10-17 23:50:06'),
(274, 183, 5, b'0', 58, 0, b'0', '2021-10-17 23:50:06', '2021-10-17 23:50:06'),
(275, 183, 6, b'0', 79, 0, b'0', '2021-10-17 23:50:06', '2021-10-17 23:50:06'),
(276, 184, 6, b'0', 21, 0, b'0', '2021-10-17 23:50:06', '2021-10-17 23:50:06'),
(277, 184, 7, b'0', 31, 0, b'1', '2021-10-17 23:50:06', '2021-10-17 23:50:06'),
(278, 185, 7, b'1', 73, 0, b'1', '2021-10-17 23:50:06', '2021-10-17 23:50:06'),
(279, 185, 8, b'0', 70, 0, b'1', '2021-10-17 23:50:06', '2021-10-17 23:50:06'),
(280, 186, 8, b'1', 50, 0, b'1', '2021-10-17 23:50:06', '2021-10-17 23:50:06'),
(281, 186, 9, b'0', 22, 0, b'0', '2021-10-17 23:50:06', '2021-10-17 23:50:06'),
(282, 187, 9, b'0', 59, 0, b'0', '2021-10-17 23:50:06', '2021-10-17 23:50:06'),
(283, 187, 10, b'1', 30, 0, b'1', '2021-10-17 23:50:06', '2021-10-17 23:50:06'),
(284, 188, 10, b'0', 72, 0, b'1', '2021-10-17 23:50:06', '2021-10-17 23:50:06'),
(285, 188, 11, b'0', 69, 0, b'0', '2021-10-17 23:50:06', '2021-10-17 23:50:06'),
(286, 189, 11, b'1', 49, 0, b'0', '2021-10-17 23:50:06', '2021-10-17 23:50:06'),
(287, 189, 12, b'1', 20, 0, b'0', '2021-10-17 23:50:06', '2021-10-17 23:50:06'),
(288, 190, 1, b'0', 54, 0, b'1', '2021-10-18 20:28:05', '2021-10-18 20:28:05'),
(289, 190, 2, b'1', 71, 0, b'1', '2021-10-18 20:28:05', '2021-10-18 20:28:05'),
(290, 191, 2, b'0', 48, 0, b'1', '2021-10-18 20:28:05', '2021-10-18 20:28:05'),
(291, 191, 3, b'0', 70, 0, b'0', '2021-10-18 20:28:05', '2021-10-18 20:28:05'),
(292, 192, 3, b'1', 62, 0, b'1', '2021-10-18 20:28:05', '2021-10-18 20:28:05'),
(293, 192, 4, b'0', 23, 0, b'1', '2021-10-18 20:28:05', '2021-10-18 20:28:05'),
(294, 193, 4, b'1', 30, 0, b'0', '2021-10-18 20:28:05', '2021-10-18 20:28:05'),
(295, 193, 5, b'1', 63, 0, b'1', '2021-10-18 20:28:05', '2021-10-18 20:28:05'),
(296, 194, 5, b'0', 21, 0, b'1', '2021-10-18 20:28:05', '2021-10-18 20:28:05'),
(297, 194, 6, b'0', 21, 0, b'0', '2021-10-18 20:28:05', '2021-10-18 20:28:05'),
(298, 195, 6, b'0', 21, 0, b'1', '2021-10-18 20:28:05', '2021-10-18 20:28:05'),
(299, 195, 7, b'1', 21, 0, b'0', '2021-10-18 20:28:05', '2021-10-18 20:28:05'),
(300, 196, 7, b'1', 22, 0, b'0', '2021-10-18 20:28:05', '2021-10-18 20:28:05'),
(301, 196, 8, b'0', 30, 0, b'1', '2021-10-18 20:28:05', '2021-10-18 20:28:05'),
(302, 197, 8, b'0', 65, 0, b'1', '2021-10-18 20:28:05', '2021-10-18 20:28:05'),
(303, 197, 9, b'1', 32, 0, b'1', '2021-10-18 20:28:05', '2021-10-18 20:28:05'),
(304, 198, 9, b'0', 67, 0, b'1', '2021-10-18 20:28:05', '2021-10-18 20:28:05'),
(305, 198, 10, b'0', 38, 0, b'0', '2021-10-18 20:28:05', '2021-10-18 20:28:05'),
(306, 199, 10, b'1', 28, 0, b'1', '2021-10-18 20:28:05', '2021-10-18 20:28:05'),
(307, 199, 11, b'1', 69, 0, b'0', '2021-10-18 20:28:05', '2021-10-18 20:28:05'),
(308, 200, 11, b'1', 57, 0, b'1', '2021-10-18 20:28:05', '2021-10-18 20:28:05'),
(309, 200, 12, b'1', 61, 0, b'1', '2021-10-18 20:28:05', '2021-10-18 20:28:05'),
(310, 201, 1, b'0', 53, 0, b'0', '2021-10-19 23:26:29', '2021-10-19 23:26:29'),
(311, 201, 2, b'1', 61, 0, b'0', '2021-10-19 23:26:29', '2021-10-19 23:26:29'),
(312, 202, 2, b'0', 66, 0, b'1', '2021-10-19 23:26:29', '2021-10-19 23:26:29'),
(313, 202, 3, b'0', 68, 0, b'0', '2021-10-19 23:26:29', '2021-10-19 23:26:29'),
(314, 203, 3, b'1', 61, 0, b'0', '2021-10-19 23:26:29', '2021-10-19 23:26:29'),
(315, 203, 4, b'1', 80, 0, b'1', '2021-10-19 23:26:29', '2021-10-19 23:26:29'),
(316, 204, 4, b'0', 78, 0, b'1', '2021-10-19 23:26:29', '2021-10-19 23:26:29'),
(317, 204, 5, b'0', 69, 0, b'1', '2021-10-19 23:26:29', '2021-10-19 23:26:29'),
(318, 205, 5, b'1', 31, 0, b'0', '2021-10-19 23:26:29', '2021-10-19 23:26:29'),
(319, 205, 6, b'1', 48, 0, b'1', '2021-10-19 23:26:29', '2021-10-19 23:26:29'),
(320, 206, 6, b'0', 69, 0, b'1', '2021-10-19 23:26:29', '2021-10-19 23:26:29'),
(321, 206, 7, b'1', 58, 0, b'0', '2021-10-19 23:26:29', '2021-10-19 23:26:29'),
(322, 207, 7, b'0', 65, 0, b'1', '2021-10-19 23:26:29', '2021-10-19 23:26:29'),
(323, 207, 8, b'0', 71, 0, b'0', '2021-10-19 23:26:29', '2021-10-19 23:26:29'),
(324, 208, 8, b'0', 78, 0, b'0', '2021-10-19 23:26:29', '2021-10-19 23:26:29'),
(325, 208, 9, b'0', 35, 0, b'0', '2021-10-19 23:26:29', '2021-10-19 23:26:29'),
(326, 209, 9, b'1', 42, 0, b'0', '2021-10-19 23:26:29', '2021-10-19 23:26:29'),
(327, 209, 10, b'0', 26, 0, b'1', '2021-10-19 23:26:29', '2021-10-19 23:26:29'),
(328, 210, 10, b'0', 46, 0, b'0', '2021-10-19 23:26:29', '2021-10-19 23:26:29'),
(329, 210, 11, b'0', 70, 0, b'1', '2021-10-19 23:26:29', '2021-10-19 23:26:29'),
(330, 211, 11, b'1', 73, 0, b'0', '2021-10-19 23:26:29', '2021-10-19 23:26:29'),
(331, 211, 12, b'1', 75, 0, b'1', '2021-10-19 23:26:29', '2021-10-19 23:26:29'),
(332, 212, 48, b'0', 74, 0, b'0', '2021-11-20 00:10:32', '2021-11-20 00:10:32'),
(333, 212, 49, b'0', 65, 0, b'0', '2021-11-20 00:10:32', '2021-11-20 00:10:32'),
(334, 213, 48, b'1', 22, 0, b'0', '2021-11-20 00:17:04', '2021-11-20 00:17:04'),
(335, 213, 49, b'0', 77, 0, b'0', '2021-11-20 00:17:04', '2021-11-20 00:17:04'),
(336, 214, 48, b'1', 58, 0, b'0', '2021-11-20 00:17:23', '2021-11-20 00:17:23'),
(337, 214, 49, b'1', 38, 0, b'0', '2021-11-20 00:17:23', '2021-11-20 00:17:23'),
(338, 215, 48, b'1', 57, 0, b'0', '2021-11-20 00:17:45', '2021-11-20 00:17:45'),
(339, 215, 49, b'0', 28, 0, b'1', '2021-11-20 00:17:45', '2021-11-20 00:17:45'),
(340, 216, 48, b'1', 73, 0, b'1', '2021-11-20 00:18:07', '2021-11-20 00:18:07'),
(341, 216, 49, b'0', 20, 0, b'1', '2021-11-20 00:18:07', '2021-11-20 00:18:07'),
(356, 224, 74, b'0', 0, 0, b'0', '2022-01-02 14:40:54', '2022-01-02 14:40:54'),
(355, 223, 73, b'0', 0, 0, b'0', '2022-01-02 14:40:54', '2022-01-02 14:40:54'),
(354, 223, 72, b'0', 0, 0, b'0', '2022-01-02 14:40:54', '2022-01-02 14:40:54'),
(353, 222, 71, b'0', 0, 0, b'0', '2022-01-02 14:40:54', '2022-01-02 14:40:54'),
(352, 222, 70, b'0', 0, 0, b'0', '2022-01-02 14:40:54', '2022-01-02 14:40:54'),
(351, 221, 69, b'0', 0, 0, b'0', '2022-01-02 14:40:54', '2022-01-02 14:40:54'),
(350, 221, 68, b'0', 0, 0, b'0', '2022-01-02 14:40:54', '2022-01-02 14:40:54'),
(357, 224, 75, b'0', 100, 0, b'0', '2022-01-02 14:40:54', '2022-01-03 17:48:54');

-- --------------------------------------------------------

--
-- Estructura de tabla para la tabla `ciudad`
--

CREATE TABLE `ciudad` (
  `id` int(11) NOT NULL,
  `pais` varchar(120) NOT NULL,
  `pais_id` int(11) NOT NULL
) ENGINE=MyISAM DEFAULT CHARSET=utf8mb4;

-- --------------------------------------------------------

--
-- Estructura de tabla para la tabla `data`
--

CREATE TABLE `data` (
  `id` int(11) NOT NULL,
  `numero` smallint(6) NOT NULL,
  `boleta_id` int(11) NOT NULL,
  `pareja_ganadora` int(11) NOT NULL,
  `puntos` int(11) NOT NULL,
  `duracion` int(11) NOT NULL DEFAULT 0
) ENGINE=MyISAM DEFAULT CHARSET=utf8mb4;

--
-- Volcado de datos para la tabla `data`
--

INSERT INTO `data` (`id`, `numero`, `boleta_id`, `pareja_ganadora`, `puntos`, `duracion`) VALUES
(1, 1, 101, 1, 54, 0),
(7, 3, 101, 1, 23, 35),
(6, 2, 101, 1, 23, 35),
(8, 4, 101, 1, 23, 35),
(9, 1, 201, 311, 55, 0),
(10, 2, 201, 311, 32, 0),
(11, 3, 201, 311, 85, 0),
(12, 4, 201, 310, 2365, 0),
(13, 1, 221, 350, 60, 0),
(14, 2, 221, 351, 40, 0),
(15, 1, 222, 353, 150, 0),
(16, 1, 223, 354, 120, 0),
(34, 3, 224, 357, 30, 10),
(31, 2, 224, 357, 35, 15),
(30, 1, 224, 357, 35, 35);

-- --------------------------------------------------------

--
-- Estructura de tabla para la tabla `evento`
--

CREATE TABLE `evento` (
  `id` int(11) NOT NULL,
  `ciudad_id` int(11) NOT NULL,
  `nombre` varchar(120) NOT NULL,
  `comentario` varchar(255) DEFAULT NULL,
  `imagen` varchar(255) NOT NULL,
  `estado` char(1) NOT NULL,
  `fecha_inicio` datetime DEFAULT NULL,
  `fecha_cierre` datetime DEFAULT NULL,
  `creado` datetime NOT NULL,
  `actualizado` datetime NOT NULL
) ENGINE=MyISAM DEFAULT CHARSET=utf8mb4;

--
-- Volcado de datos para la tabla `evento`
--

INSERT INTO `evento` (`id`, `ciudad_id`, `nombre`, `comentario`, `imagen`, `estado`, `fecha_inicio`, `fecha_cierre`, `creado`, `actualizado`) VALUES
(1, 1, 'Clásico 2021', 'Clásico 2021 Guantánamo', 'evento1.jpg', 'I', '2021-09-25 18:46:27', '2021-09-27 18:46:27', '2021-09-25 18:46:27', '2021-09-25 18:46:27'),
(2, 1, 'Clásico 2020', 'Clásico 2020 Guantánamo', 'evento1.jpg', 'F', '2020-09-29 18:46:27', '2020-10-03 18:46:27', '2021-09-25 18:46:27', '2021-09-25 18:46:27'),
(43, 1, 'Tope interprovincial', 'Tope con 4 parejas de Guantánamo y 4 de Santiago de Cuba', 'P1180301.JPG', 'F', '2021-12-10 00:00:00', '2021-12-12 00:00:00', '2021-11-16 16:29:32', '2021-11-23 19:52:50'),
(51, 1, 'Superclásico 2021', 'Torneo entre las principales parejas de los torneos anteriores.', '90533706_3183976704946544_2762849996482019328_n.png', 'C', '2021-11-20 18:51:39', '2021-11-25 00:00:00', '2021-11-20 17:52:53', '2021-11-20 17:52:53'),
(55, 1, 'Prueba en Univ Gtmo', 'Prueba en Univ Guantánamo\r\nCLÁSICO Guantánamo', 'FB_IMG_1623976024896.jpg', 'I', '2021-11-10 00:00:00', '2021-11-13 00:00:00', '2021-12-31 23:44:33', '2022-01-02 14:40:54'),
(54, 1, 'Evento completo 1', 'Evento completo 1', 'FB_IMG_1622578127490.jpg', 'C', '2021-12-24 00:00:00', '2021-12-28 00:00:00', '2021-12-09 17:36:04', '2021-12-09 17:36:04');

-- --------------------------------------------------------

--
-- Estructura de tabla para la tabla `jugador`
--

CREATE TABLE `jugador` (
  `id` int(11) NOT NULL,
  `nombre` varchar(120) NOT NULL,
  `telefono` varchar(15) DEFAULT NULL,
  `sexo` char(1) DEFAULT NULL,
  `foto` varchar(255) DEFAULT NULL,
  `correo` varchar(120) DEFAULT NULL,
  `nro_identidad` varchar(30) DEFAULT NULL,
  `alias` varchar(30) DEFAULT NULL,
  `fecha_nacimiento` date DEFAULT NULL,
  `ocupacion` varchar(120) DEFAULT NULL,
  `comentario` varchar(255) DEFAULT NULL,
  `nivel` varchar(30) DEFAULT NULL,
  `elo` int(11) DEFAULT NULL,
  `ranking` char(2) DEFAULT NULL,
  `tipo` char(1) DEFAULT NULL,
  `ciudad_id` int(11) DEFAULT NULL
) ENGINE=MyISAM DEFAULT CHARSET=utf8mb4;

--
-- Volcado de datos para la tabla `jugador`
--

INSERT INTO `jugador` (`id`, `nombre`, `telefono`, `sexo`, `foto`, `correo`, `nro_identidad`, `alias`, `fecha_nacimiento`, `ocupacion`, `comentario`, `nivel`, `elo`, `ranking`, `tipo`, `ciudad_id`) VALUES
(42, 'German Estrada Fong', '', 'M', 'public/assets/img/jugadores/jugador42.jpg', 'german@nauta.cu', '66100411165', 'german', '1966-10-04', 'Cuenta propia (Escritor)', '', 'Medio', 960, 'MD', 'P', 1),
(41, 'Ramon Garcia Repilado', '', 'M', 'public/assets/img/jugadores/jugador41.jpg', 'ramon@nauta.cu', '55082407924', 'ramon', '1955-08-24', 'Univ. Ote. Fac.Ing.Mec.', '', 'Avanzado', 945, 'MD', 'P', 1),
(76, 'Mora', '52885623', 'M', '/public/assets/img/jugadores/received_547991658987581.jpeg', 'mora@gmail.com', '75071618102', 'Mora', '2022-01-01', 'Informático', 'Mora', 'Principiante', 554, '54', 'M', 1),
(75, 'Luna', '52885623', 'M', '/public/assets/img/jugadores/532559.png', 'luna@gmail.com', '75071618102', 'Luna', '2022-01-01', 'Informático', 'Luna', 'Principiante', 656, '76', 'M', 1),
(74, 'Maikel', '52885623', 'M', '/public/assets/img/jugadores/Edward_Elric.JPG', 'maikel@gmail.com', '21381212', 'Maikel', '2022-01-01', 'Informático', 'Maikel', 'Principiante', 34, '42', 'A', 1),
(73, 'Pailla', '52885623', 'M', '/public/assets/img/jugadores/5fa03706138f55676e337666870011dd.jpg', 'Pailla@gmail.com', '75071618102', 'Pailla', '2022-01-01', 'Informático', 'Pailla', 'Principiantes', 332, '54', 'A', 1),
(36, 'Asiel De los Angeles Caballero', '', 'M', 'public/assets/img/jugadores/jugador36.jpg', 'asiel@nauta.cu', '70050618102', 'asiel', '1970-05-06', 'Holguin', '', 'Avanzado', 870, 'MD', 'P', 1),
(35, 'Luis Carlos Velazquez Colina', '', 'M', 'public/assets/img/jugadores/jugador35.jpg', 'luis carlos@nauta.cu', '79010419004', 'luis carlos', '1979-01-04', 'Holguin', '', 'Medio', 855, 'MD', 'P', 1),
(34, 'Eugenio Alvarez Odelin', '', 'M', 'public/assets/img/jugadores/jugador34.jpg', 'eugenio@nauta.cu', '83102625329', 'eugenio', '1983-10-26', 'Cuentapropista', '', 'Avanzado', 840, 'MD', 'P', 1),
(32, 'Magyordis Cardosa Perez', '', 'M', 'public/assets/img/jugadores/jugador32.jpg', 'magyordis@nauta.cu', '83061425620', 'magyordis', '1983-06-14', 'INDER', '', 'Avanzado', 810, 'MD', 'P', 1),
(33, 'Amauri Londres Garcia', '', 'M', 'public/assets/img/jugadores/jugador33.jpg', 'amauri@nauta.cu', '74040511580', 'amauri', '1974-04-05', 'Farmacia y Optica', '', 'Medio', 825, 'MD', 'P', 1),
(31, 'Alexis Padilla Falcon', '', 'M', 'public/assets/img/jugadores/jugador31.jpg', 'alexis@nauta.cu', '69051910003', 'alexis', '1969-05-19', 'Gastronomia', '', 'Medio', 795, 'MD', 'P', 1),
(29, 'Yandi Corrales Castellano', '', 'M', 'public/assets/img/jugadores/jugador29.jpg', 'yandi@nauta.cu', '70050618102', 'yandi', '1970-05-06', 'Cuenta Propista', '', 'Medio', 765, 'MD', 'P', 1),
(30, 'Rolando Scull Diaz', '', 'M', 'public/assets/img/jugadores/jugador30.jpg', 'rolando@nauta.cu', '70050618102', 'rolando', '1970-05-06', 'Cuenta Propista', '', 'Avanzado', 780, 'MD', 'P', 1),
(28, 'Arismel Brugal Labrada', '', 'M', 'public/assets/img/jugadores/jugador28.jpg', 'arismel@nauta.cu', '82120432026', 'arismel', '1982-12-04', 'Campesino', '', 'Avanzado', 750, 'MD', 'P', 1),
(27, 'Jorge Luis Faure Ayarde', '', 'M', 'public/assets/img/jugadores/jugador27.jpg', 'jorge luis@nauta.cu', '68122528504', 'jorge luis', '1968-12-25', 'Cuentapropista', '', 'Medio', 735, 'MD', 'P', 1),
(26, 'Geovanis Samon Leyva', '', 'M', 'public/assets/img/jugadores/jugador26.jpg', 'geovanis@nauta.cu', '74021411276', 'geovanis', '1974-02-14', 'Agricultor', '', 'Avanzado', 720, 'MD', 'P', 1),
(25, 'Javier Bombale Dutil', '', 'M', 'public/assets/img/jugadores/jugador25.jpg', 'javier@nauta.cu', '69062927128', 'javier', '1969-06-29', 'HGD Higienista', '', 'Medio', 705, 'MD', 'P', 1),
(24, 'Nelson Perez Frometa', '', 'M', 'public/assets/img/jugadores/jugador24.jpg', 'nelson@nauta.cu', '88091435061', 'nelson', '1988-09-14', 'Cuenta Propista', '', 'Avanzado', 690, 'MD', 'P', 1),
(23, 'Addiel Durand Jay', '', 'M', 'public/assets/img/jugadores/jugador23.jpg', 'addiel@nauta.cu', '89101845807', 'addiel', '1989-10-18', 'Cuenta Propista', '', 'Medio', 675, 'MD', 'P', 1),
(22, 'Pedro Castillo Torres', '', 'M', 'public/assets/img/jugadores/jugador22.jpg', 'pedro@nauta.cu', '62020718184', 'pedro', '1962-02-07', 'Desvinculado', '', 'Avanzado', 660, 'MD', 'P', 1),
(21, 'Ronald Castillo Bell', '', 'M', 'public/assets/img/jugadores/jugador21.jpg', 'ronald@nauta.cu', '70050618102', 'ronald', '1970-05-06', 'Est. Politecnico Antonio Robert', '', 'Medio', 645, 'MD', 'P', 1),
(20, 'Marcial Aladro Iribar', '', 'M', 'public/assets/img/jugadores/jugador20.jpg', 'marcial@nauta.cu', '68090807345', 'marcial', '1968-09-08', 'Cuenta Propista', '', 'Medio', 630, 'MD', 'P', 1),
(19, 'Hector Matos Marzo', '', 'M', 'public/assets/img/jugadores/jugador19.jpg', 'hector@nauta.cu', '52062700305', 'hector', '1952-06-27', 'Comercio', '', 'Avanzado', 615, 'MD', 'P', 1),
(18, 'Carlos Martinez', '', 'M', 'public/assets/img/jugadores/jugador18.jpg', 'carlos@nauta.cu', '70050618102', 'carlos', '1970-05-06', 'Cuenta Propista', '', 'Medio', 600, 'MD', 'P', 1),
(17, 'Ordenis Olivares', '', 'M', 'public/assets/img/jugadores/jugador17.jpg', 'ordenis@nauta.cu', '70050618102', 'ordenis', '1970-05-06', 'Cuenta Propista', '', 'Avanzado', 585, 'MD', 'P', 1),
(16, 'Victor Manuel Rojas Fajardo', '', 'M', 'public/assets/img/jugadores/jugador16.jpg', 'victor manuel@nauta.cu', '69113000700', 'victor manuel', '1969-11-30', 'Cuenta propia', '', 'Medio', 570, 'MD', 'P', 1),
(15, 'Yunior Garcia Batista', '', 'M', 'public/assets/img/jugadores/jugador15.jpg', 'yunior@nauta.cu', '89012140421', 'yunior', '1989-01-21', 'INDER', '', 'Avanzado', 555, 'MD', 'P', 1),
(14, 'Jose Orlando San Nicolas', '', 'M', 'public/assets/img/jugadores/jugador14.jpg', 'jose orlando@nauta.cu', '90070441969', 'jose orlando', '1990-07-04', 'Gaviota Islazul', '', 'Medio', 540, 'MD', 'P', 1),
(13, 'Yunior Torres Ochoa', '', 'M', 'public/assets/img/jugadores/jugador13.jpg', 'yunior@nauta.cu', '82042426066', 'yunior', '1982-04-24', 'Cuenta Propia EU', '', 'Medio', 525, 'MD', 'P', 1),
(12, 'Ernesto Padilla Matos', '', 'M', 'public/assets/img/jugadores/jugador12.jpg', 'ernesto@nauta.cu', '75052112529', 'ernesto', '1975-05-21', 'P. Caimanera', '', 'Avanzado', 510, 'MD', 'P', 1),
(11, 'Maikel Tabio Perez', '', 'M', 'public/assets/img/jugadores/jugador11.jpg', 'maikel@nauta.cu', '78090733560', 'maikel', '1978-09-07', 'Cuenta Propia', '', 'Medio', 495, 'MD', 'P', 1),
(10, 'Ramon Mengana Ordunez', '', 'M', 'public/assets/img/jugadores/jugador10.jpg', 'ramon@nauta.cu', '70050618102', 'ramon', '1970-05-06', 'Cultura Municipal', '', 'Medio', 480, 'MD', 'P', 1),
(9, 'Reiniel Michel Castaneda', '', 'M', 'public/assets/img/jugadores/jugador9.jpg', 'reiniel@nauta.cu', '85010228829', 'reiniel', '1985-01-02', 'Campesino', '', 'Avanzado', 465, 'MD', 'P', 1),
(8, 'Nataniel Fabier', '', 'M', 'public/assets/img/jugadores/jugador8.jpg', 'nataniel@nauta.cu', '98120223097', 'nataniel', '1998-12-02', 'Desvinculado', '', 'Medio', 450, 'MD', 'P', 1),
(7, 'Randi de Cordoba Caballero Rojas', '', 'M', 'public/assets/img/jugadores/jugador7.jpg', 'randi de cordoba@nauta.cu', '79061125489', 'randi de cordoba', '1979-06-11', 'INDER', '', 'Avanzado', 435, 'MD', 'P', 1),
(6, 'Robert Leyva Sosa', '', 'M', 'public/assets/img/jugadores/jugador6.jpg', 'robert@nauta.cu', '80100424908', 'robert', '1980-10-04', 'Cuenta Propista', '', 'Medio', 420, 'MD', 'P', 1),
(5, 'Yandri Marelli Batista', '', 'M', 'public/assets/img/jugadores/jugador5.jpg', 'yandri@nauta.cu', '88112635062', 'yandri', '1988-11-26', 'Cuenta Propista', '', 'Medio', 405, 'MD', 'P', 1),
(4, 'Leonardo Benitez Lezcay', '59176095', 'M', 'public/assets/img/jugadores/jugador4.jpg', 'leonardo@nauta.cu', '70050618102', 'leonardo', '1970-05-06', 'Cuenta Propista', '', 'Avanzado', 390, 'MD', 'P', 1),
(3, 'Salvador Cabrales Hernandez', '53096202', 'M', 'public/assets/img/jugadores/jugador3.jpg', 'salvador@nauta.cu', '69111527544', 'salvador', '1969-11-15', 'Cuenta Propista', '', 'Medio', 375, 'MD', 'P', 1),
(2, 'Yousmel Acosta Tejeda', '58544051', 'M', 'public/assets/img/jugadores/jugador2.jpg', 'yousmel@nauta.cu', '82090532269', 'yousmel', '1982-09-05', 'Cuenta Propista', '', 'Principiante', 360, 'MD', 'P', 1),
(1, 'Olvis Rodriguez Aguilar', '', 'M', 'public/assets/img/jugadores/jugador1.jpg', 'olvis@nauta.cu', '83110925385', 'olvis', '1983-11-09', 'Cuenta Propista', '', 'Principiante', 345, 'MD', 'P', 1),
(43, 'Javier Idalgo Suarez', '', 'M', 'public/assets/img/jugadores/jugador43.jpg', 'javier@nauta.cu', '70050618102', 'javier', '1970-05-06', 'INDER', '', 'Avanzado', 975, 'MD', 'P', 1),
(44, 'Alejandro Aguilera Perez', '', 'M', 'public/assets/img/jugadores/jugador44.jpg', 'alejandro@nauta.cu', '92081143386', 'alejandro', '1992-08-11', 'Turismo', '', 'Medio', 990, 'MD', 'P', 1),
(77, 'Amauri', '57657565', 'M', '/public/assets/img/jugadores/Jiraiya.jpg', 'amauri@nauta.cu', '5676444444447', 'Amauri', '2022-01-01', 'Cuenta propia', 'Amauri', 'Maestro', 546, '65', 'P', 1),
(78, 'Sauyé', '6676567', 'M', '/public/assets/img/jugadores/Kaneki2.jpg', 'sauye@nauta.cu', '567487487684', 'Sauyé', '2022-01-01', 'Profesor', 'Sauyé', 'Intermedio', 565, '54', 'A', 1),
(79, 'Geovani', '674567657', 'M', '/public/assets/img/jugadores/naruto_uzumaki-1680x1050.jpg', 'geovani@gmail.com', '546734767365', 'Geovani', '2022-01-01', 'Chofer', 'Geovani', 'Intermedio', 665, '54', 'A', 1),
(80, 'Javier', '5465454', 'M', '/public/assets/img/jugadores/Sword Art Online - 31.jpg', 'javier@hotmal.com', '546544545', 'Javier', '2022-01-01', 'Entrenador', 'Javier', 'Maestro', 545, '52', 'P', 1),
(81, 'Yoyito', '674346677', 'M', '/public/assets/img/jugadores/303042.png', 'Yoyito@gmail.com', '5467677657', 'Yoyito', '2022-01-01', 'Artista', 'Yoyito', 'Medio', 544, '34', 'I', 1),
(82, 'Geová', '52885623', 'M', '/public/assets/img/jugadores/naruto.jpg', 'geova@gmail.com', '75071618102', 'Geová', '2022-01-02', 'carpintero', 'Geová', 'Maestro', 545, '35', 'P', 1),
(83, 'Raúl', '52885623', 'M', '/public/assets/img/jugadores/Kaneki3.jpg', 'raul@gmail.com', '75071618102', 'Raúl', '2022-01-02', 'electricista', 'Raúl', 'Principiante', 345, '54', 'A', 1),
(84, 'Pistola', '52885623', 'M', '/public/assets/img/jugadores/Image__171183_1497121705.jpeg', 'pistola@gmail.com', '75071618102', 'Pistola', '2022-01-02', 'policia', 'Pistola\r\n', 'Principiante', 474, '54', 'M', 1),
(85, 'Orbis', '52885623', 'M', '/public/assets/img/jugadores/1112886338.jpg', 'orbis@gmail.com', '75071618102', 'Orbis', '2022-01-02', 'carnicero', 'Orbis\r\n', 'Principiante', 556, '56', 'M', 1),
(86, 'Ito', '57657565', 'M', '/public/assets/img/jugadores/Image__344903_1511055384.png', 'Ito@nauta.cu', '5676444444', 'Ito', '2022-01-02', 'panadero', 'Ito\r\n', '', 656, '', '', 1),
(87, 'Randy', '', 'M', '/public/assets/img/jugadores/1494358659_1-1.gif', '', '', 'Randy', '2022-01-02', '', '', '', 0, '', '', 1),
(88, 'Nataniel', '', 'M', '/public/assets/img/jugadores/533009.jpg', '', '', 'Nataniel', '2022-01-02', '', '', '', 0, '', '', 1);

-- --------------------------------------------------------

--
-- Estructura de tabla para la tabla `mesa`
--

CREATE TABLE `mesa` (
  `id` int(11) NOT NULL,
  `evento_id` int(11) NOT NULL,
  `numero` smallint(6) NOT NULL,
  `bonificacion` tinyint(11) NOT NULL
) ENGINE=MyISAM DEFAULT CHARSET=utf8mb4;

--
-- Volcado de datos para la tabla `mesa`
--

INSERT INTO `mesa` (`id`, `evento_id`, `numero`, `bonificacion`) VALUES
(29, 1, 11, 0),
(28, 1, 10, 0),
(27, 1, 9, 0),
(26, 1, 8, 0),
(25, 1, 7, 0),
(24, 1, 6, 0),
(23, 1, 5, 0),
(22, 1, 4, 0),
(21, 1, 3, 1),
(20, 1, 2, 2),
(19, 1, 1, 3),
(30, 43, 1, 0),
(31, 47, 1, 0),
(32, 48, 1, 0),
(33, 48, 2, 0),
(34, 49, 1, 0),
(35, 49, 2, 0),
(43, 55, 4, 0),
(42, 55, 3, 0),
(41, 55, 2, 0),
(40, 55, 1, 0);

-- --------------------------------------------------------

--
-- Estructura de tabla para la tabla `pais`
--

CREATE TABLE `pais` (
  `id` int(11) NOT NULL,
  `nombre` varchar(120) NOT NULL
) ENGINE=MyISAM DEFAULT CHARSET=utf8mb4;

-- --------------------------------------------------------

--
-- Estructura de tabla para la tabla `pareja`
--

CREATE TABLE `pareja` (
  `id` int(11) NOT NULL,
  `nombre` varchar(60) NOT NULL,
  `evento_id` int(11) NOT NULL,
  `jugador1_id` int(11) NOT NULL,
  `jugador2_id` int(11) NOT NULL
) ENGINE=MyISAM DEFAULT CHARSET=utf8mb4;

--
-- Volcado de datos para la tabla `pareja`
--

INSERT INTO `pareja` (`id`, `nombre`, `evento_id`, `jugador1_id`, `jugador2_id`) VALUES
(1, 'Olvis -Yousmel ', 1, 3, 4),
(2, 'Salvador -Leonardo', 1, 5, 6),
(3, 'Yandri-Robert', 1, 7, 8),
(4, 'Randi de Cordoba-Nataniel', 1, 9, 10),
(5, 'Reiniel-Ramon ', 1, 11, 12),
(6, 'Maikel-Ernesto', 1, 13, 14),
(7, 'Yunior-Jose Orlando', 1, 15, 16),
(8, 'Yunior-Victor Manuel', 1, 17, 18),
(9, 'Ordenis -Carlos', 1, 19, 20),
(10, 'Hector-Marcial', 1, 21, 22),
(11, 'Ronald-Pedro', 1, 23, 24),
(12, 'Addiel-Nelson', 1, 25, 26),
(13, 'Javier-Geovanis', 1, 27, 28),
(14, 'Jorge Luis-Arismel', 1, 29, 30),
(15, 'Yandi-Rolando', 1, 31, 32),
(16, 'Alexis -Magyordis', 1, 33, 34),
(17, 'Amauri-Eugenio ', 1, 35, 36),
(18, 'Luis Carlos-Asiel', 1, 37, 38),
(19, 'Harold Edemio-Angel Alberto', 1, 39, 40),
(20, 'Yuri Alexis -Roberto', 1, 41, 42),
(21, 'Ramon-German', 1, 43, 44),
(22, 'Javier-Alejandro', 1, 45, 46),
(24, 'Pareja de prueba', 1, 42, 41),
(25, 'Pareja 123', 1, 40, 39),
(26, 'Los salidores', 42, 41, 40),
(27, 'Otra pareja', 42, 37, 27),
(28, 'tercera', 42, 40, 39),
(36, 'german - ramon', 46, 42, 41),
(35, 'yandi - yousmel', 43, 29, 2),
(34, 'roberto - angel alberto', 43, 40, 38),
(33, 'ramon - harold edemio', 42, 41, 37),
(37, 'roberto - yuri alexis', 46, 40, 39),
(38, 'harold edemio - asiel', 46, 37, 36),
(39, 'alexis - yandi', 46, 31, 29),
(40, 'jose orlando - randi de cordoba', 46, 14, 7),
(41, 'nelson - robert', 46, 24, 6),
(42, 'javier - alejandro', 46, 43, 44),
(43, 'robert - angel alberto', 46, 6, 38),
(44, 'nelson - leonardo', 46, 24, 4),
(45, 'javier - robert', 46, 25, 6),
(46, 'yousmel - yunior', 46, 2, 15),
(47, 'jorge luis - yunior', 46, 27, 15),
(48, 'ramon - roberto', 47, 41, 40),
(49, 'roberto - yuri alexis', 47, 40, 39),
(50, 'jorge luis - nelson', 47, 27, 24),
(51, 'roberto - ramon', 47, 40, 10),
(52, 'ordenis - angel alberto', 47, 17, 38),
(53, 'roberto - angel alberto', 48, 40, 38),
(54, 'javier - jorge luis tyu', 48, 25, 27),
(55, 'javier - maikel', 48, 25, 11),
(56, 'ramon - angel alberto', 49, 41, 38),
(57, 'jorge luis - nelson', 49, 27, 24),
(58, 'geovanis - victor manuel', 49, 26, 16),
(59, 'ramon - german', 54, 41, 42),
(60, 'luis carlos - german', 54, 35, 42),
(61, 'Pareja de prueba', 54, 13, 14),
(62, 'Pareja de prueba', 54, 13, 14),
(63, 'Pareja de prueba', 54, 35, 14),
(64, 'Pareja de prueba', 54, 38, 14),
(65, 'german - ramon', 54, 42, 41),
(66, 'german - german', 0, 42, 42),
(67, 'qqq', 0, 0, 0),
(68, 'Pailla - Maikel', 55, 73, 74),
(69, 'Luna - Mora', 55, 75, 76),
(70, 'Amauri - Sauyé', 55, 77, 78),
(71, 'Geovani - Javier', 55, 79, 80),
(72, 'Yoyito - Geová', 55, 81, 82),
(73, 'Raúl - Pistola', 55, 83, 84),
(74, 'Orbis - Ito', 55, 85, 86),
(75, 'Randy - Nataniel', 55, 87, 88);

-- --------------------------------------------------------

--
-- Estructura de tabla para la tabla `ronda`
--

CREATE TABLE `ronda` (
  `id` int(11) NOT NULL,
  `evento_id` int(11) NOT NULL,
  `numero` smallint(6) NOT NULL,
  `inicio` datetime DEFAULT NULL,
  `cierre` datetime DEFAULT NULL,
  `dia` smallint(6) NOT NULL,
  `estado` char(1) NOT NULL DEFAULT 'C',
  `cerrada` bit(1) NOT NULL DEFAULT b'0',
  `comentario` varchar(255) DEFAULT NULL,
  `duracion` int(11) GENERATED ALWAYS AS (timestampdiff(SECOND,`inicio`,`cierre`)) VIRTUAL
) ENGINE=MyISAM DEFAULT CHARSET=utf8mb4;

--
-- Volcado de datos para la tabla `ronda`
--

INSERT INTO `ronda` (`id`, `evento_id`, `numero`, `inicio`, `cierre`, `dia`, `estado`, `cerrada`, `comentario`) VALUES
(51, 1, 14, '2021-10-19 03:26:29', '2021-10-19 04:53:29', 1, 'C', b'0', 'Ronda14'),
(50, 1, 13, '2021-10-18 20:28:04', '2021-10-18 20:28:14', 1, 'C', b'1', 'Ronda13'),
(49, 1, 12, '2021-10-17 23:50:06', '2021-10-17 23:50:06', 1, 'C', b'1', 'Ronda12'),
(48, 1, 11, '2021-10-17 23:48:56', '2021-10-17 23:48:56', 1, 'C', b'1', 'Ronda11'),
(47, 1, 10, '2021-10-17 23:44:53', '2021-10-17 23:44:53', 1, 'C', b'1', 'Ronda10'),
(46, 1, 9, '2021-10-17 23:43:47', '2021-10-17 23:43:47', 1, 'C', b'1', 'Ronda9'),
(45, 1, 8, '2021-10-16 18:15:30', '2021-10-16 18:15:30', 1, 'C', b'1', 'Ronda8'),
(44, 1, 7, '2021-10-16 17:32:34', '2021-10-16 17:32:34', 1, 'C', b'1', 'Ronda7'),
(43, 1, 6, '2021-10-16 17:31:22', '2021-10-16 17:31:22', 1, 'C', b'1', 'Ronda6'),
(42, 1, 5, '2021-10-16 17:31:20', '2021-10-16 17:31:20', 1, 'C', b'1', 'Ronda5'),
(41, 1, 4, '2021-10-16 17:29:11', '2021-10-16 17:29:11', 1, 'C', b'1', 'Ronda4'),
(40, 1, 3, '2021-10-16 17:29:09', '2021-10-16 17:29:09', 1, 'C', b'1', 'Ronda3'),
(39, 1, 2, '2021-10-16 17:25:40', '2021-10-16 17:25:40', 1, 'C', b'1', 'Ronda2'),
(38, 1, 1, '2021-10-05 18:43:39', '2021-10-05 18:43:39', 1, 'C', b'1', 'Ronda1'),
(53, 47, 1, '2021-11-20 00:10:32', '2021-11-20 00:10:32', 1, 'C', b'0', 'Ronda1'),
(54, 47, 2, '2021-11-20 00:17:03', '2021-11-20 00:17:03', 1, 'C', b'0', 'Ronda2'),
(61, 55, 1, '2022-01-02 14:40:54', '2022-01-02 14:40:54', 1, 'C', b'0', 'Ronda1'),
(56, 47, 4, '2021-11-20 00:17:45', '2021-11-20 00:17:45', 1, 'C', b'0', 'Ronda4'),
(57, 47, 5, '2021-11-20 00:18:07', '2021-11-20 00:18:07', 1, 'C', b'0', 'Ronda5'),
(58, 52, 1, '2021-11-24 19:16:05', '2021-11-24 19:16:05', 1, 'C', b'0', 'Ronda1'),
(59, 53, 1, '2021-11-24 19:16:08', '2021-11-24 19:16:08', 1, 'C', b'0', 'Ronda1');

--
-- Índices para tablas volcadas
--

--
-- Indices de la tabla `boleta`
--
ALTER TABLE `boleta`
  ADD PRIMARY KEY (`id`),
  ADD UNIQUE KEY `PK_ALT13` (`evento_id`,`mesa_id`,`ronda_id`),
  ADD KEY `Ref157` (`evento_id`),
  ADD KEY `Ref1158` (`ronda_id`),
  ADD KEY `Ref1059` (`mesa_id`);

--
-- Indices de la tabla `boleta_pareja`
--
ALTER TABLE `boleta_pareja`
  ADD PRIMARY KEY (`id`),
  ADD KEY `Ref1360` (`boleta_id`),
  ADD KEY `Ref1761` (`pareja_id`);

--
-- Indices de la tabla `ciudad`
--
ALTER TABLE `ciudad`
  ADD PRIMARY KEY (`id`),
  ADD KEY `Ref24` (`pais_id`);

--
-- Indices de la tabla `data`
--
ALTER TABLE `data`
  ADD PRIMARY KEY (`id`),
  ADD UNIQUE KEY `PK_ALT14` (`boleta_id`,`numero`),
  ADD KEY `Ref1362` (`boleta_id`),
  ADD KEY `Ref1763` (`pareja_ganadora`);

--
-- Indices de la tabla `evento`
--
ALTER TABLE `evento`
  ADD PRIMARY KEY (`id`);

--
-- Indices de la tabla `jugador`
--
ALTER TABLE `jugador`
  ADD PRIMARY KEY (`id`),
  ADD KEY `Ref312` (`ciudad_id`);

--
-- Indices de la tabla `mesa`
--
ALTER TABLE `mesa`
  ADD PRIMARY KEY (`id`),
  ADD UNIQUE KEY `K_ALT10` (`evento_id`,`numero`),
  ADD KEY `Ref153` (`evento_id`);

--
-- Indices de la tabla `pais`
--
ALTER TABLE `pais`
  ADD PRIMARY KEY (`id`);

--
-- Indices de la tabla `pareja`
--
ALTER TABLE `pareja`
  ADD PRIMARY KEY (`id`),
  ADD KEY `Ref167` (`evento_id`),
  ADD KEY `Ref1270` (`jugador1_id`),
  ADD KEY `Ref1271` (`jugador2_id`);

--
-- Indices de la tabla `ronda`
--
ALTER TABLE `ronda`
  ADD PRIMARY KEY (`id`),
  ADD UNIQUE KEY `PK_ALT11` (`evento_id`,`numero`),
  ADD KEY `Ref151` (`evento_id`);

--
-- AUTO_INCREMENT de las tablas volcadas
--

--
-- AUTO_INCREMENT de la tabla `boleta`
--
ALTER TABLE `boleta`
  MODIFY `id` int(11) NOT NULL AUTO_INCREMENT, AUTO_INCREMENT=225;

--
-- AUTO_INCREMENT de la tabla `boleta_pareja`
--
ALTER TABLE `boleta_pareja`
  MODIFY `id` int(11) NOT NULL AUTO_INCREMENT, AUTO_INCREMENT=358;

--
-- AUTO_INCREMENT de la tabla `ciudad`
--
ALTER TABLE `ciudad`
  MODIFY `id` int(11) NOT NULL AUTO_INCREMENT;

--
-- AUTO_INCREMENT de la tabla `data`
--
ALTER TABLE `data`
  MODIFY `id` int(11) NOT NULL AUTO_INCREMENT, AUTO_INCREMENT=35;

--
-- AUTO_INCREMENT de la tabla `evento`
--
ALTER TABLE `evento`
  MODIFY `id` int(11) NOT NULL AUTO_INCREMENT, AUTO_INCREMENT=56;

--
-- AUTO_INCREMENT de la tabla `jugador`
--
ALTER TABLE `jugador`
  MODIFY `id` int(11) NOT NULL AUTO_INCREMENT, AUTO_INCREMENT=89;

--
-- AUTO_INCREMENT de la tabla `mesa`
--
ALTER TABLE `mesa`
  MODIFY `id` int(11) NOT NULL AUTO_INCREMENT, AUTO_INCREMENT=44;

--
-- AUTO_INCREMENT de la tabla `pais`
--
ALTER TABLE `pais`
  MODIFY `id` int(11) NOT NULL AUTO_INCREMENT;

--
-- AUTO_INCREMENT de la tabla `pareja`
--
ALTER TABLE `pareja`
  MODIFY `id` int(11) NOT NULL AUTO_INCREMENT, AUTO_INCREMENT=76;

--
-- AUTO_INCREMENT de la tabla `ronda`
--
ALTER TABLE `ronda`
  MODIFY `id` int(11) NOT NULL AUTO_INCREMENT, AUTO_INCREMENT=62;
COMMIT;

/*!40101 SET CHARACTER_SET_CLIENT=@OLD_CHARACTER_SET_CLIENT */;
/*!40101 SET CHARACTER_SET_RESULTS=@OLD_CHARACTER_SET_RESULTS */;
/*!40101 SET COLLATION_CONNECTION=@OLD_COLLATION_CONNECTION */;
